-- --------------------------------------------------------
-- Host:                         127.0.0.1
-- Server version:               10.4.10-MariaDB - mariadb.org binary distribution
-- Server OS:                    Win64
-- HeidiSQL Version:             10.2.0.5599
-- --------------------------------------------------------

/*!40101 SET @OLD_CHARACTER_SET_CLIENT=@@CHARACTER_SET_CLIENT */;
/*!40101 SET NAMES utf8 */;
/*!50503 SET NAMES utf8mb4 */;
/*!40014 SET @OLD_FOREIGN_KEY_CHECKS=@@FOREIGN_KEY_CHECKS, FOREIGN_KEY_CHECKS=0 */;
/*!40101 SET @OLD_SQL_MODE=@@SQL_MODE, SQL_MODE='NO_AUTO_VALUE_ON_ZERO' */;


-- Dumping database structure for l7-multi-level-categories
CREATE DATABASE IF NOT EXISTS `l7-multi-level-categories` /*!40100 DEFAULT CHARACTER SET utf8mb4 */;
USE `l7-multi-level-categories`;

-- Dumping structure for table l7-multi-level-categories.media
CREATE TABLE IF NOT EXISTS `media` (
  `id` int(10) unsigned NOT NULL AUTO_INCREMENT,
  `model_type` varchar(255) COLLATE utf8mb4_unicode_ci NOT NULL,
  `model_id` bigint(20) unsigned NOT NULL,
  `collection_name` varchar(255) COLLATE utf8mb4_unicode_ci NOT NULL,
  `name` varchar(255) COLLATE utf8mb4_unicode_ci NOT NULL,
  `file_name` varchar(255) COLLATE utf8mb4_unicode_ci NOT NULL,
  `mime_type` varchar(255) COLLATE utf8mb4_unicode_ci DEFAULT NULL,
  `disk` varchar(255) COLLATE utf8mb4_unicode_ci NOT NULL,
  `size` int(10) unsigned NOT NULL,
  `manipulations` longtext CHARACTER SET utf8mb4 COLLATE utf8mb4_bin NOT NULL CHECK (json_valid(`manipulations`)),
  `custom_properties` longtext CHARACTER SET utf8mb4 COLLATE utf8mb4_bin NOT NULL CHECK (json_valid(`custom_properties`)),
  `responsive_images` longtext CHARACTER SET utf8mb4 COLLATE utf8mb4_bin NOT NULL CHECK (json_valid(`responsive_images`)),
  `order_column` int(10) unsigned DEFAULT NULL,
  `created_at` timestamp NULL DEFAULT NULL,
  `updated_at` timestamp NULL DEFAULT NULL,
  PRIMARY KEY (`id`),
  KEY `media_model_type_model_id_index` (`model_type`,`model_id`)
) ENGINE=InnoDB AUTO_INCREMENT=2 DEFAULT CHARSET=utf8mb4 COLLATE=utf8mb4_unicode_ci;

-- Dumping data for table l7-multi-level-categories.media: ~0 rows (approximately)
/*!40000 ALTER TABLE `media` DISABLE KEYS */;
/*!40000 ALTER TABLE `media` ENABLE KEYS */;

-- Dumping structure for table l7-multi-level-categories.migrations
CREATE TABLE IF NOT EXISTS `migrations` (
  `id` int(10) unsigned NOT NULL AUTO_INCREMENT,
  `migration` varchar(255) COLLATE utf8mb4_unicode_ci NOT NULL,
  `batch` int(11) NOT NULL,
  PRIMARY KEY (`id`)
) ENGINE=InnoDB AUTO_INCREMENT=19 DEFAULT CHARSET=utf8mb4 COLLATE=utf8mb4_unicode_ci;

-- Dumping data for table l7-multi-level-categories.migrations: ~18 rows (approximately)
/*!40000 ALTER TABLE `migrations` DISABLE KEYS */;
INSERT INTO `migrations` (`id`, `migration`, `batch`) VALUES
	(1, '2014_10_12_100000_create_password_resets_table', 1),
	(2, '2016_06_01_000001_create_oauth_auth_codes_table', 1),
	(3, '2016_06_01_000002_create_oauth_access_tokens_table', 1),
	(4, '2016_06_01_000003_create_oauth_refresh_tokens_table', 1),
	(5, '2016_06_01_000004_create_oauth_clients_table', 1),
	(6, '2016_06_01_000005_create_oauth_personal_access_clients_table', 1),
	(7, '2020_04_30_000001_create_media_table', 1),
	(8, '2020_04_30_000002_create_permissions_table', 1),
	(9, '2020_04_30_000003_create_roles_table', 1),
	(10, '2020_04_30_000004_create_users_table', 1),
	(11, '2020_04_30_000005_create_product_categories_table', 1),
	(12, '2020_04_30_000006_create_product_tags_table', 1),
	(13, '2020_04_30_000007_create_products_table', 1),
	(14, '2020_04_30_000008_create_permission_role_pivot_table', 1),
	(15, '2020_04_30_000009_create_role_user_pivot_table', 1),
	(16, '2020_04_30_000010_create_product_product_category_pivot_table', 1),
	(17, '2020_04_30_000011_create_product_product_tag_pivot_table', 1),
	(18, '2020_04_30_000012_add_relationship_fields_to_product_categories_table', 1);
/*!40000 ALTER TABLE `migrations` ENABLE KEYS */;

-- Dumping structure for table l7-multi-level-categories.oauth_access_tokens
CREATE TABLE IF NOT EXISTS `oauth_access_tokens` (
  `id` varchar(100) COLLATE utf8mb4_unicode_ci NOT NULL,
  `user_id` bigint(20) unsigned DEFAULT NULL,
  `client_id` bigint(20) unsigned NOT NULL,
  `name` varchar(255) COLLATE utf8mb4_unicode_ci DEFAULT NULL,
  `scopes` text COLLATE utf8mb4_unicode_ci DEFAULT NULL,
  `revoked` tinyint(1) NOT NULL,
  `created_at` timestamp NULL DEFAULT NULL,
  `updated_at` timestamp NULL DEFAULT NULL,
  `expires_at` datetime DEFAULT NULL,
  PRIMARY KEY (`id`),
  KEY `oauth_access_tokens_user_id_index` (`user_id`)
) ENGINE=InnoDB DEFAULT CHARSET=utf8mb4 COLLATE=utf8mb4_unicode_ci;

-- Dumping data for table l7-multi-level-categories.oauth_access_tokens: ~0 rows (approximately)
/*!40000 ALTER TABLE `oauth_access_tokens` DISABLE KEYS */;
/*!40000 ALTER TABLE `oauth_access_tokens` ENABLE KEYS */;

-- Dumping structure for table l7-multi-level-categories.oauth_auth_codes
CREATE TABLE IF NOT EXISTS `oauth_auth_codes` (
  `id` varchar(100) COLLATE utf8mb4_unicode_ci NOT NULL,
  `user_id` bigint(20) unsigned NOT NULL,
  `client_id` bigint(20) unsigned NOT NULL,
  `scopes` text COLLATE utf8mb4_unicode_ci DEFAULT NULL,
  `revoked` tinyint(1) NOT NULL,
  `expires_at` datetime DEFAULT NULL,
  PRIMARY KEY (`id`),
  KEY `oauth_auth_codes_user_id_index` (`user_id`)
) ENGINE=InnoDB DEFAULT CHARSET=utf8mb4 COLLATE=utf8mb4_unicode_ci;

-- Dumping data for table l7-multi-level-categories.oauth_auth_codes: ~0 rows (approximately)
/*!40000 ALTER TABLE `oauth_auth_codes` DISABLE KEYS */;
/*!40000 ALTER TABLE `oauth_auth_codes` ENABLE KEYS */;

-- Dumping structure for table l7-multi-level-categories.oauth_clients
CREATE TABLE IF NOT EXISTS `oauth_clients` (
  `id` bigint(20) unsigned NOT NULL AUTO_INCREMENT,
  `user_id` bigint(20) unsigned DEFAULT NULL,
  `name` varchar(255) COLLATE utf8mb4_unicode_ci NOT NULL,
  `secret` varchar(100) COLLATE utf8mb4_unicode_ci DEFAULT NULL,
  `redirect` text COLLATE utf8mb4_unicode_ci NOT NULL,
  `personal_access_client` tinyint(1) NOT NULL,
  `password_client` tinyint(1) NOT NULL,
  `revoked` tinyint(1) NOT NULL,
  `created_at` timestamp NULL DEFAULT NULL,
  `updated_at` timestamp NULL DEFAULT NULL,
  PRIMARY KEY (`id`),
  KEY `oauth_clients_user_id_index` (`user_id`)
) ENGINE=InnoDB DEFAULT CHARSET=utf8mb4 COLLATE=utf8mb4_unicode_ci;

-- Dumping data for table l7-multi-level-categories.oauth_clients: ~0 rows (approximately)
/*!40000 ALTER TABLE `oauth_clients` DISABLE KEYS */;
/*!40000 ALTER TABLE `oauth_clients` ENABLE KEYS */;

-- Dumping structure for table l7-multi-level-categories.oauth_personal_access_clients
CREATE TABLE IF NOT EXISTS `oauth_personal_access_clients` (
  `id` bigint(20) unsigned NOT NULL AUTO_INCREMENT,
  `client_id` bigint(20) unsigned NOT NULL,
  `created_at` timestamp NULL DEFAULT NULL,
  `updated_at` timestamp NULL DEFAULT NULL,
  PRIMARY KEY (`id`)
) ENGINE=InnoDB DEFAULT CHARSET=utf8mb4 COLLATE=utf8mb4_unicode_ci;

-- Dumping data for table l7-multi-level-categories.oauth_personal_access_clients: ~0 rows (approximately)
/*!40000 ALTER TABLE `oauth_personal_access_clients` DISABLE KEYS */;
/*!40000 ALTER TABLE `oauth_personal_access_clients` ENABLE KEYS */;

-- Dumping structure for table l7-multi-level-categories.oauth_refresh_tokens
CREATE TABLE IF NOT EXISTS `oauth_refresh_tokens` (
  `id` varchar(100) COLLATE utf8mb4_unicode_ci NOT NULL,
  `access_token_id` varchar(100) COLLATE utf8mb4_unicode_ci NOT NULL,
  `revoked` tinyint(1) NOT NULL,
  `expires_at` datetime DEFAULT NULL,
  PRIMARY KEY (`id`)
) ENGINE=InnoDB DEFAULT CHARSET=utf8mb4 COLLATE=utf8mb4_unicode_ci;

-- Dumping data for table l7-multi-level-categories.oauth_refresh_tokens: ~0 rows (approximately)
/*!40000 ALTER TABLE `oauth_refresh_tokens` DISABLE KEYS */;
/*!40000 ALTER TABLE `oauth_refresh_tokens` ENABLE KEYS */;

-- Dumping structure for table l7-multi-level-categories.password_resets
CREATE TABLE IF NOT EXISTS `password_resets` (
  `email` varchar(255) COLLATE utf8mb4_unicode_ci NOT NULL,
  `token` varchar(255) COLLATE utf8mb4_unicode_ci NOT NULL,
  `created_at` timestamp NULL DEFAULT NULL,
  KEY `password_resets_email_index` (`email`)
) ENGINE=InnoDB DEFAULT CHARSET=utf8mb4 COLLATE=utf8mb4_unicode_ci;

-- Dumping data for table l7-multi-level-categories.password_resets: ~0 rows (approximately)
/*!40000 ALTER TABLE `password_resets` DISABLE KEYS */;
/*!40000 ALTER TABLE `password_resets` ENABLE KEYS */;

-- Dumping structure for table l7-multi-level-categories.permissions
CREATE TABLE IF NOT EXISTS `permissions` (
  `id` int(10) unsigned NOT NULL AUTO_INCREMENT,
  `title` varchar(255) COLLATE utf8mb4_unicode_ci DEFAULT NULL,
  `created_at` timestamp NULL DEFAULT NULL,
  `updated_at` timestamp NULL DEFAULT NULL,
  `deleted_at` timestamp NULL DEFAULT NULL,
  PRIMARY KEY (`id`)
) ENGINE=InnoDB AUTO_INCREMENT=34 DEFAULT CHARSET=utf8mb4 COLLATE=utf8mb4_unicode_ci;

-- Dumping data for table l7-multi-level-categories.permissions: ~33 rows (approximately)
/*!40000 ALTER TABLE `permissions` DISABLE KEYS */;
INSERT INTO `permissions` (`id`, `title`, `created_at`, `updated_at`, `deleted_at`) VALUES
	(1, 'user_management_access', NULL, NULL, NULL),
	(2, 'permission_create', NULL, NULL, NULL),
	(3, 'permission_edit', NULL, NULL, NULL),
	(4, 'permission_show', NULL, NULL, NULL),
	(5, 'permission_delete', NULL, NULL, NULL),
	(6, 'permission_access', NULL, NULL, NULL),
	(7, 'role_create', NULL, NULL, NULL),
	(8, 'role_edit', NULL, NULL, NULL),
	(9, 'role_show', NULL, NULL, NULL),
	(10, 'role_delete', NULL, NULL, NULL),
	(11, 'role_access', NULL, NULL, NULL),
	(12, 'user_create', NULL, NULL, NULL),
	(13, 'user_edit', NULL, NULL, NULL),
	(14, 'user_show', NULL, NULL, NULL),
	(15, 'user_delete', NULL, NULL, NULL),
	(16, 'user_access', NULL, NULL, NULL),
	(17, 'product_management_access', NULL, NULL, NULL),
	(18, 'product_category_create', NULL, NULL, NULL),
	(19, 'product_category_edit', NULL, NULL, NULL),
	(20, 'product_category_show', NULL, NULL, NULL),
	(21, 'product_category_delete', NULL, NULL, NULL),
	(22, 'product_category_access', NULL, NULL, NULL),
	(23, 'product_tag_create', NULL, NULL, NULL),
	(24, 'product_tag_edit', NULL, NULL, NULL),
	(25, 'product_tag_show', NULL, NULL, NULL),
	(26, 'product_tag_delete', NULL, NULL, NULL),
	(27, 'product_tag_access', NULL, NULL, NULL),
	(28, 'product_create', NULL, NULL, NULL),
	(29, 'product_edit', NULL, NULL, NULL),
	(30, 'product_show', NULL, NULL, NULL),
	(31, 'product_delete', NULL, NULL, NULL),
	(32, 'product_access', NULL, NULL, NULL),
	(33, 'profile_password_edit', NULL, NULL, NULL);
/*!40000 ALTER TABLE `permissions` ENABLE KEYS */;

-- Dumping structure for table l7-multi-level-categories.permission_role
CREATE TABLE IF NOT EXISTS `permission_role` (
  `role_id` int(10) unsigned NOT NULL,
  `permission_id` int(10) unsigned NOT NULL,
  KEY `role_id_fk_1396911` (`role_id`),
  KEY `permission_id_fk_1396911` (`permission_id`),
  CONSTRAINT `permission_id_fk_1396911` FOREIGN KEY (`permission_id`) REFERENCES `permissions` (`id`) ON DELETE CASCADE,
  CONSTRAINT `role_id_fk_1396911` FOREIGN KEY (`role_id`) REFERENCES `roles` (`id`) ON DELETE CASCADE
) ENGINE=InnoDB DEFAULT CHARSET=utf8mb4 COLLATE=utf8mb4_unicode_ci;

-- Dumping data for table l7-multi-level-categories.permission_role: ~50 rows (approximately)
/*!40000 ALTER TABLE `permission_role` DISABLE KEYS */;
INSERT INTO `permission_role` (`role_id`, `permission_id`) VALUES
	(1, 1),
	(1, 2),
	(1, 3),
	(1, 4),
	(1, 5),
	(1, 6),
	(1, 7),
	(1, 8),
	(1, 9),
	(1, 10),
	(1, 11),
	(1, 12),
	(1, 13),
	(1, 14),
	(1, 15),
	(1, 16),
	(1, 17),
	(1, 18),
	(1, 19),
	(1, 20),
	(1, 21),
	(1, 22),
	(1, 23),
	(1, 24),
	(1, 25),
	(1, 26),
	(1, 27),
	(1, 28),
	(1, 29),
	(1, 30),
	(1, 31),
	(1, 32),
	(1, 33),
	(2, 17),
	(2, 18),
	(2, 19),
	(2, 20),
	(2, 21),
	(2, 22),
	(2, 23),
	(2, 24),
	(2, 25),
	(2, 26),
	(2, 27),
	(2, 28),
	(2, 29),
	(2, 30),
	(2, 31),
	(2, 32),
	(2, 33);
/*!40000 ALTER TABLE `permission_role` ENABLE KEYS */;

-- Dumping structure for table l7-multi-level-categories.products
CREATE TABLE IF NOT EXISTS `products` (
  `id` int(10) unsigned NOT NULL AUTO_INCREMENT,
  `name` varchar(255) COLLATE utf8mb4_unicode_ci DEFAULT NULL,
  `description` longtext COLLATE utf8mb4_unicode_ci DEFAULT NULL,
  `price` decimal(15,2) DEFAULT NULL,
  `slug` varchar(255) COLLATE utf8mb4_unicode_ci DEFAULT NULL,
  `created_at` timestamp NULL DEFAULT NULL,
  `updated_at` timestamp NULL DEFAULT NULL,
  `deleted_at` timestamp NULL DEFAULT NULL,
  PRIMARY KEY (`id`),
  UNIQUE KEY `products_slug_unique` (`slug`)
) ENGINE=InnoDB AUTO_INCREMENT=201 DEFAULT CHARSET=utf8mb4 COLLATE=utf8mb4_unicode_ci;

-- Dumping data for table l7-multi-level-categories.products: ~200 rows (approximately)
/*!40000 ALTER TABLE `products` DISABLE KEYS */;
INSERT INTO `products` (`id`, `name`, `description`, `price`, `slug`, `created_at`, `updated_at`, `deleted_at`) VALUES
	(1, 'Neque deserunt deleniti tenetur.', 'Harum expedita quia maxime inventore corrupti fuga. Voluptatem adipisci eaque minima doloribus. Nemo laboriosam rem quis ullam eos illo voluptatem iure. Occaecati in nihil qui ipsum commodi.', 35.36, 'neque-deserunt-deleniti-tenetur', '2020-05-14 06:52:11', '2020-05-14 06:52:11', NULL),
	(2, 'Magnam suscipit beatae id.', 'Deserunt quia fugiat voluptatem doloremque quis fuga. Sit modi reiciendis ab aliquid. Provident aspernatur aut impedit cumque accusamus. Modi rerum pariatur doloribus dolore.', 15.98, 'magnam-suscipit-beatae-id', '2020-05-14 06:52:11', '2020-05-14 06:52:11', NULL),
	(3, 'Non voluptatum sunt provident.', 'Explicabo sed earum consequatur minima. Repudiandae nostrum fugit necessitatibus quod quo. Nobis ipsa quae eaque nostrum consequatur temporibus quos. Ratione ut autem deleniti dolore aut. Eligendi dolores nihil modi recusandae.', 5.38, 'non-voluptatum-sunt-provident', '2020-05-14 06:52:11', '2020-05-14 06:52:11', NULL),
	(4, 'Quia ullam et reprehenderit.', 'Dolorem voluptate et et sunt. Cum architecto maiores nulla culpa. Libero quo quia iste perferendis illo porro vero. Quis magni ut nihil et.', 4.09, 'quia-ullam-et-reprehenderit', '2020-05-14 06:52:11', '2020-05-14 06:52:11', NULL),
	(5, 'Cumque praesentium et.', 'Laudantium odio qui qui nam est eligendi aut. Et alias ratione ut repudiandae ea qui dolore molestiae. Ipsa labore rerum maxime nemo.', 29.01, 'cumque-praesentium-et', '2020-05-14 06:52:11', '2020-05-14 06:52:11', NULL),
	(6, 'At reiciendis voluptate qui dolorem.', 'Atque id deleniti velit id similique. Veritatis aperiam doloribus nostrum odit ratione quo aut. Libero saepe illum quo sit nostrum maxime numquam.', 9.02, 'at-reiciendis-voluptate-qui-dolorem', '2020-05-14 06:52:11', '2020-05-14 06:52:11', NULL),
	(7, 'Eius et sed doloribus sint.', 'Provident amet natus ipsam atque. Ex provident quibusdam rerum nihil molestias. Earum alias minus corporis debitis odio nisi.', 40.99, 'eius-et-sed-doloribus-sint', '2020-05-14 06:52:11', '2020-05-14 06:52:11', NULL),
	(8, 'Amet est sequi.', 'Ratione necessitatibus sed sed ea amet. Aut quos quae dolor sit. Sunt accusantium alias velit deleniti corporis molestiae reiciendis at. Iure consequatur est impedit eaque voluptate tempora aliquam.', 11.29, 'amet-est-sequi', '2020-05-14 06:52:11', '2020-05-14 06:52:11', NULL),
	(9, 'Qui sed dicta accusamus autem.', 'Sunt maiores vel debitis fugit. Aperiam aut neque est tempora voluptatum tempore aut. Dolorum quasi possimus quia molestiae vel maiores et consequatur.', 40.43, 'qui-sed-dicta-accusamus-autem', '2020-05-14 06:52:11', '2020-05-14 06:52:11', NULL),
	(10, 'Ut libero.', 'Debitis quasi dolorem aut aperiam. Impedit recusandae tempora quia. Itaque dolorum magnam quae nihil itaque.', 12.18, 'ut-libero', '2020-05-14 06:52:11', '2020-05-14 06:52:11', NULL),
	(11, 'Nobis possimus cum velit.', 'Inventore sint id alias non et in id. Omnis voluptate laboriosam nisi. Autem quia ipsum qui temporibus eum non.', 22.32, 'nobis-possimus-cum-velit', '2020-05-14 06:52:11', '2020-05-14 06:52:11', NULL),
	(12, 'Velit commodi nobis.', 'Aut quibusdam aut animi repellat autem consectetur. Voluptatem repellendus ea eos. Beatae nesciunt magnam modi eveniet est eum.', 37.92, 'velit-commodi-nobis', '2020-05-14 06:52:11', '2020-05-14 06:52:11', NULL),
	(13, 'Praesentium vel totam.', 'Qui molestias consequatur aperiam sint nostrum et dolorem totam. Molestiae eum voluptate quo vero et. Non eveniet saepe porro. Doloremque est vel animi sed laborum eum.', 19.57, 'praesentium-vel-totam', '2020-05-14 06:52:11', '2020-05-14 06:52:11', NULL),
	(14, 'Excepturi fuga.', 'Earum assumenda fugit qui. Quod enim maiores dolorem culpa. Rem necessitatibus in eius libero fuga quo omnis.', 21.71, 'excepturi-fuga', '2020-05-14 06:52:11', '2020-05-14 06:52:11', NULL),
	(15, 'Voluptas omnis quasi magni totam.', 'Qui assumenda voluptas error molestias aperiam dolorem. Cum non ducimus distinctio sit. Omnis nobis corrupti autem nostrum dolorem autem voluptas.', 7.80, 'voluptas-omnis-quasi-magni-totam', '2020-05-14 06:52:11', '2020-05-14 06:52:11', NULL),
	(16, 'Laboriosam sequi qui voluptatem.', 'Velit ea nostrum et ea voluptate dolore. Velit esse quaerat ipsam est animi. Voluptas architecto aut animi aut consequatur dignissimos.', 37.34, 'laboriosam-sequi-qui-voluptatem', '2020-05-14 06:52:11', '2020-05-14 06:52:11', NULL),
	(17, 'Dolorum esse voluptas asperiores.', 'Ad tempore fugiat doloremque libero qui numquam. Aut repellat impedit aliquid soluta ex atque vitae nihil. Recusandae commodi vel magnam officiis. Vero sed ut aut harum ut sed. Rerum odio exercitationem facilis quod neque.', 5.28, 'dolorum-esse-voluptas-asperiores', '2020-05-14 06:52:11', '2020-05-14 06:52:11', NULL),
	(18, 'Voluptas totam et est.', 'Dolorem in consequuntur quam ipsum sit. Praesentium omnis dicta fugit sequi eum enim rerum. Autem eum tenetur exercitationem nostrum ab.', 48.89, 'voluptas-totam-et-est', '2020-05-14 06:52:11', '2020-05-14 06:52:11', NULL),
	(19, 'Pariatur explicabo sit.', 'Illum repellendus itaque incidunt rerum. Facere tenetur eum accusantium voluptas temporibus est et. Itaque quia quis reprehenderit rerum debitis.', 25.43, 'pariatur-explicabo-sit', '2020-05-14 06:52:11', '2020-05-14 06:52:11', NULL),
	(20, 'Odio dolor qui.', 'Veritatis inventore vel vel laudantium ullam. Sed qui asperiores necessitatibus ratione facere repudiandae. Dicta modi et aut nihil velit. Odio commodi assumenda eius dolor sunt qui.', 4.86, 'odio-dolor-qui', '2020-05-14 06:52:11', '2020-05-14 06:52:11', NULL),
	(21, 'Et similique consequatur.', 'Commodi quod molestiae voluptas animi magni quia tempora. Et voluptatibus laudantium quidem corrupti optio suscipit. Expedita est quia non qui qui a.', 10.91, 'et-similique-consequatur', '2020-05-14 06:52:11', '2020-05-14 06:52:11', NULL),
	(22, 'Est quisquam maxime aut.', 'Neque et culpa quasi quasi. Beatae aperiam voluptatem nulla. Sunt voluptatem autem qui. Non impedit harum culpa quisquam itaque.', 22.84, 'est-quisquam-maxime-aut', '2020-05-14 06:52:11', '2020-05-14 06:52:11', NULL),
	(23, 'Sequi consequatur qui et.', 'Quo quos adipisci voluptas eligendi molestias. Est sit veritatis sit est omnis. Hic libero quod voluptas omnis ut fuga.', 13.87, 'sequi-consequatur-qui-et', '2020-05-14 06:52:11', '2020-05-14 06:52:11', NULL),
	(24, 'Est est cum dicta.', 'Voluptatem vitae rem inventore mollitia consequatur magnam mollitia. Dolor laborum provident libero. Laboriosam eum mollitia rem voluptatem. Enim laborum voluptatibus hic et nulla eveniet.', 31.89, 'est-est-cum-dicta', '2020-05-14 06:52:11', '2020-05-14 06:52:11', NULL),
	(25, 'Aliquam tenetur enim tempore.', 'Expedita dignissimos laborum dolor. Quam ut distinctio magnam numquam non aliquam vitae harum. Ad est laudantium velit iste facere consequatur porro. Laboriosam eos laborum pariatur et ipsa.', 19.80, 'aliquam-tenetur-enim-tempore', '2020-05-14 06:52:11', '2020-05-14 06:52:11', NULL),
	(26, 'Aperiam enim ut voluptatibus.', 'Ducimus eos eos sint. Ut neque quibusdam aperiam exercitationem expedita porro. Similique error velit esse est eius. Nesciunt sit ut eum dolor et rerum ut. Architecto qui soluta illo dignissimos deleniti id.', 27.26, 'aperiam-enim-ut-voluptatibus', '2020-05-14 06:52:12', '2020-05-14 06:52:12', NULL),
	(27, 'Voluptatem vel illo similique deserunt.', 'Impedit modi ut molestias magnam eos. Veniam dolorem tenetur magni ab deleniti voluptatem maxime. Quo qui et libero hic. Ex ea dicta quasi maiores.', 4.82, 'voluptatem-vel-illo-similique-deserunt', '2020-05-14 06:52:12', '2020-05-14 06:52:12', NULL),
	(28, 'Placeat odit et iusto.', 'Et non qui rerum eum harum optio provident. Vitae consequatur consectetur aspernatur occaecati eum. Dolore quia consequatur quos est.', 12.78, 'placeat-odit-et-iusto', '2020-05-14 06:52:12', '2020-05-14 06:52:12', NULL),
	(29, 'Nobis voluptas distinctio eum.', 'Similique voluptatem assumenda et quia. Sed sunt esse minus harum non sed corrupti. Nesciunt earum dolor corrupti magnam ut.', 14.40, 'nobis-voluptas-distinctio-eum', '2020-05-14 06:52:12', '2020-05-14 06:52:12', NULL),
	(30, 'Et repellat porro ea quo.', 'Doloribus consequatur debitis harum omnis natus. Ad et quis dignissimos autem sed dolorem explicabo commodi. Doloremque repudiandae voluptatum est atque aut.', 40.28, 'et-repellat-porro-ea-quo', '2020-05-14 06:52:12', '2020-05-14 06:52:12', NULL),
	(31, 'Fuga ut.', 'Qui maxime optio itaque odit. Sit consequatur iure iusto porro. Aut adipisci sit doloremque ut non ut sed. Adipisci et cumque ut molestias laudantium.', 9.09, 'fuga-ut', '2020-05-14 06:52:12', '2020-05-14 06:52:12', NULL),
	(32, 'Non in omnis voluptatum.', 'Eum consequatur nesciunt error pariatur consequatur delectus voluptas nisi. Ut molestiae reprehenderit laboriosam sed soluta. Placeat soluta eos magni dolorem. Sit perferendis qui ipsa ducimus fugiat.', 24.08, 'non-in-omnis-voluptatum', '2020-05-14 06:52:12', '2020-05-14 06:52:12', NULL),
	(33, 'Mollitia quos totam ut.', 'Consequuntur rerum quia ipsa doloribus non ipsa explicabo. Ab ut sed est dolor voluptas assumenda.', 38.23, 'mollitia-quos-totam-ut', '2020-05-14 06:52:12', '2020-05-14 06:52:12', NULL),
	(34, 'Quam dolore laborum.', 'Labore soluta ipsa vero perferendis. Nesciunt amet exercitationem deleniti et et. Tempore nihil quis nihil odit quidem eos beatae. Eos nam aut impedit repellendus enim dolores.', 32.65, 'quam-dolore-laborum', '2020-05-14 06:52:12', '2020-05-14 06:52:12', NULL),
	(35, 'Doloribus maiores est consequatur.', 'Est vitae rerum qui nihil tenetur voluptatem. Rerum ut cum quisquam dolore. Nam animi sed et facilis ab nemo enim.', 39.65, 'doloribus-maiores-est-consequatur', '2020-05-14 06:52:12', '2020-05-14 06:52:12', NULL),
	(36, 'Optio ipsam quia est.', 'Expedita ipsa tenetur enim iusto dolor expedita. Iste quia exercitationem ab quia qui illo consequatur culpa. Et qui iusto aliquam optio vitae quaerat. Ullam est velit velit qui sequi excepturi.', 11.94, 'optio-ipsam-quia-est', '2020-05-14 06:52:12', '2020-05-14 06:52:12', NULL),
	(37, 'Velit et corporis voluptates.', 'Eos libero tempore consequuntur tempore autem ut dolores. Quod veritatis sint numquam soluta. Molestiae commodi ipsum facere odit illo esse dolore.', 15.00, 'velit-et-corporis-voluptates', '2020-05-14 06:52:12', '2020-05-14 06:52:12', NULL),
	(38, 'Molestias odio.', 'Consequatur dolore ipsam quae ea et autem. Quaerat aut impedit officiis ullam eligendi. Optio quas dignissimos consectetur eius qui.', 12.33, 'molestias-odio', '2020-05-14 06:52:12', '2020-05-14 06:52:12', NULL),
	(39, 'Nemo inventore harum soluta.', 'Non in sit magni praesentium reprehenderit voluptas voluptas earum. Sint id voluptatem et delectus excepturi quis porro.', 36.26, 'nemo-inventore-harum-soluta', '2020-05-14 06:52:12', '2020-05-14 06:52:12', NULL),
	(40, 'Corporis sit id.', 'Quidem nisi reprehenderit ut vero at. Dolores aliquid est illum aut saepe.', 40.57, 'corporis-sit-id', '2020-05-14 06:52:12', '2020-05-14 06:52:12', NULL),
	(41, 'Excepturi nisi doloribus.', 'Aperiam soluta aut sunt laboriosam blanditiis labore. Aspernatur id dicta voluptatibus numquam. Vel omnis cumque rerum officia ab rerum quisquam. Eum ea earum et mollitia. Molestias et porro nihil esse.', 19.18, 'excepturi-nisi-doloribus', '2020-05-14 06:52:12', '2020-05-14 06:52:12', NULL),
	(42, 'Ullam vitae.', 'Vel esse quis eum est. Autem laborum ut accusantium sit hic.', 29.78, 'ullam-vitae', '2020-05-14 06:52:12', '2020-05-14 06:52:12', NULL),
	(43, 'Perferendis eius.', 'Et quas ullam distinctio nemo eaque quis alias. Ex reiciendis excepturi magni vel modi laudantium temporibus. Sunt excepturi ipsum dolore est. Magnam ipsam maxime voluptas in ut.', 35.87, 'perferendis-eius', '2020-05-14 06:52:12', '2020-05-14 06:52:12', NULL),
	(44, 'Eum aspernatur qui.', 'Est quis aperiam ipsum. Cupiditate nostrum odio voluptas sint quos esse. Enim non vero sapiente officiis recusandae ad est. Neque et recusandae qui nemo provident maxime quidem.', 21.99, 'eum-aspernatur-qui', '2020-05-14 06:52:12', '2020-05-14 06:52:12', NULL),
	(45, 'Dolor accusamus accusantium.', 'Quasi excepturi eum est autem. Veniam blanditiis accusantium omnis dolor quibusdam id voluptatem. Modi et debitis voluptas distinctio eum rerum nulla sapiente. Quia voluptatem sed quas eaque illo.', 43.77, 'dolor-accusamus-accusantium', '2020-05-14 06:52:12', '2020-05-14 06:52:12', NULL),
	(46, 'Eius ut modi.', 'Quam ut dolorem itaque ut velit ipsam ipsum facere. Voluptatem praesentium est aliquid aut odio molestiae. Similique aut numquam placeat hic nihil dolores quo.', 24.47, 'eius-ut-modi', '2020-05-14 06:52:12', '2020-05-14 06:52:12', NULL),
	(47, 'Eos autem.', 'Eius aut sunt optio voluptas veritatis omnis et accusantium. Sunt est nulla mollitia aut ex modi saepe. Nihil et illum voluptatibus laboriosam eum suscipit quod.', 36.32, 'eos-autem', '2020-05-14 06:52:12', '2020-05-14 06:52:12', NULL),
	(48, 'Id fuga et.', 'Nobis fugiat animi illo ad occaecati dolore. Libero omnis temporibus ipsa consequuntur vel qui et nihil. Ad et ex debitis quia. Et aut explicabo facere vitae et.', 6.08, 'id-fuga-et', '2020-05-14 06:52:12', '2020-05-14 06:52:12', NULL),
	(49, 'Aliquam explicabo debitis asperiores rem.', 'Sed officiis numquam quis voluptatibus omnis qui. Inventore ut iusto enim et sint. Dolor consequatur libero fuga ut voluptatem doloremque. Eos veniam veritatis hic modi ut maiores autem praesentium. Deserunt delectus dolores nam eum minima.', 35.12, 'aliquam-explicabo-debitis-asperiores-rem', '2020-05-14 06:52:12', '2020-05-14 06:52:12', NULL),
	(50, 'Voluptatum aliquam autem qui.', 'Ipsa a eum autem ad error temporibus omnis. Quia ut et nulla sed aliquam. Ipsam occaecati voluptatem distinctio qui enim ipsum nisi.', 43.43, 'voluptatum-aliquam-autem-qui', '2020-05-14 06:52:12', '2020-05-14 06:52:12', NULL),
	(51, 'Et sit totam.', 'Voluptatem qui ut eius. Molestiae voluptas esse odio est tenetur vel. Et ut sit sint voluptatem deleniti. Sint totam fugiat adipisci aperiam dolores odio laudantium explicabo.', 6.97, 'et-sit-totam', '2020-05-14 06:52:12', '2020-05-14 06:52:12', NULL),
	(52, 'Et facere maiores.', 'Velit amet sunt vitae eaque labore. Iure labore accusantium mollitia labore eum reprehenderit sed. Quae placeat repellat nobis ipsum recusandae repellat. Corrupti ratione dolores sit rerum omnis.', 22.87, 'et-facere-maiores', '2020-05-14 06:52:12', '2020-05-14 06:52:12', NULL),
	(53, 'Ut et consequatur.', 'Blanditiis temporibus error aliquid ipsa et explicabo et. Quos impedit ad sit quia aut. Ut atque ab inventore tempora non qui. Aut fugit ratione sequi sunt ipsum.', 35.18, 'ut-et-consequatur', '2020-05-14 06:52:12', '2020-05-14 06:52:12', NULL),
	(54, 'Quia impedit veniam sed.', 'Aut nulla architecto dolores. Sint sit voluptates suscipit qui rerum vitae. Odit ipsam eius veritatis aspernatur et eveniet. Est quia quibusdam et non nulla cupiditate.', 13.89, 'quia-impedit-veniam-sed', '2020-05-14 06:52:12', '2020-05-14 06:52:12', NULL),
	(55, 'Assumenda repellendus quis.', 'Et enim qui totam ipsa ut. Nihil animi beatae rerum suscipit quia ut et. Eius sunt vel aut tempore placeat distinctio libero. Hic nemo labore dolores et.', 41.97, 'assumenda-repellendus-quis', '2020-05-14 06:52:12', '2020-05-14 06:52:12', NULL),
	(56, 'Occaecati pariatur qui.', 'Ea voluptates voluptatem nihil fugit. Sunt accusantium et odio quidem. Esse laboriosam ea aut et nam. Magni aspernatur assumenda rem quis.', 21.22, 'occaecati-pariatur-qui', '2020-05-14 06:52:12', '2020-05-14 06:52:12', NULL),
	(57, 'Et possimus quisquam qui.', 'Sed quae sint omnis cumque laboriosam error. Rem dolorum dolore at eligendi atque perferendis.', 42.79, 'et-possimus-quisquam-qui', '2020-05-14 06:52:12', '2020-05-14 06:52:12', NULL),
	(58, 'Qui minima voluptatem consequatur.', 'Dolores molestiae adipisci iste iure quam optio et. Necessitatibus est ut blanditiis. Veritatis possimus sed libero quasi quia et porro. Vitae recusandae dicta harum nulla quis dolorem eveniet ut.', 33.12, 'qui-minima-voluptatem-consequatur', '2020-05-14 06:52:12', '2020-05-14 06:52:12', NULL),
	(59, 'Magni occaecati consectetur asperiores.', 'Accusantium quis quia quasi commodi fuga illum. Dolorem ipsam officiis qui qui soluta. Aut eum vel nulla optio ducimus facere omnis.', 37.86, 'magni-occaecati-consectetur-asperiores', '2020-05-14 06:52:12', '2020-05-14 06:52:12', NULL),
	(60, 'Sit ipsum laborum harum.', 'Voluptates commodi quibusdam ut modi. Quisquam quod unde sit doloremque illum sunt expedita. Incidunt pariatur earum sint nemo repellat.', 4.65, 'sit-ipsum-laborum-harum', '2020-05-14 06:52:12', '2020-05-14 06:52:12', NULL),
	(61, 'Enim et id aut.', 'Quia fugit fugit sed ad quas cum. Tempora quia mollitia earum qui porro sint autem. Sed sequi optio ex ut voluptates.', 48.39, 'enim-et-id-aut', '2020-05-14 06:52:12', '2020-05-14 06:52:12', NULL),
	(62, 'Et et sit quas.', 'Sit eius qui est iusto pariatur ratione beatae harum. Et doloremque minus sit sint natus fuga dignissimos in. Minus est inventore ducimus et non eum.', 49.23, 'et-et-sit-quas', '2020-05-14 06:52:12', '2020-05-14 06:52:12', NULL),
	(63, 'Pariatur veritatis corrupti reiciendis.', 'Est necessitatibus praesentium qui. Animi saepe maiores qui qui. Quia saepe dolorum porro voluptatem ad at voluptates.', 39.40, 'pariatur-veritatis-corrupti-reiciendis', '2020-05-14 06:52:12', '2020-05-14 06:52:12', NULL),
	(64, 'Reprehenderit ipsum sapiente neque.', 'Tenetur quae occaecati assumenda itaque quibusdam sapiente. Molestiae aut aut laborum natus. Voluptates reiciendis consectetur omnis nesciunt a eius vitae. Necessitatibus laborum pariatur qui commodi. Est molestiae vel consequuntur aut molestiae sunt.', 35.36, 'reprehenderit-ipsum-sapiente-neque', '2020-05-14 06:52:12', '2020-05-14 06:52:12', NULL),
	(65, 'Officia ratione ut voluptatem.', 'Incidunt voluptatum voluptatibus ad explicabo aperiam molestiae. Accusamus provident quia quibusdam nesciunt voluptatem recusandae. Id quos provident odit eum dolore.', 37.34, 'officia-ratione-ut-voluptatem', '2020-05-14 06:52:12', '2020-05-14 06:52:12', NULL),
	(66, 'Incidunt est distinctio natus.', 'Rerum quos voluptatibus atque debitis et non. Dignissimos nobis voluptatem autem alias ut nihil quam. Eos commodi enim dicta aut aut optio rerum nam.', 48.89, 'incidunt-est-distinctio-natus', '2020-05-14 06:52:12', '2020-05-14 06:52:12', NULL),
	(67, 'Id vero aut eum.', 'Reprehenderit occaecati ut pariatur incidunt. Illo non ut veritatis odit omnis sunt. Libero nobis itaque nemo quasi debitis nemo aut cumque. Vitae cumque quas optio et.', 2.45, 'id-vero-aut-eum', '2020-05-14 06:52:12', '2020-05-14 06:52:12', NULL),
	(68, 'Voluptate et quae reprehenderit.', 'Sapiente dolore sint accusantium labore reprehenderit et blanditiis deserunt. Sit vel qui ex explicabo quibusdam recusandae dicta voluptatibus. Aperiam blanditiis ut est voluptatibus.', 3.43, 'voluptate-et-quae-reprehenderit', '2020-05-14 06:52:12', '2020-05-14 06:52:12', NULL),
	(69, 'Corporis nesciunt similique ratione.', 'Itaque non veritatis eligendi aliquam natus. Molestiae qui autem omnis tempore et laudantium fugit. Et ut non veritatis cum officiis.', 4.76, 'corporis-nesciunt-similique-ratione', '2020-05-14 06:52:12', '2020-05-14 06:52:12', NULL),
	(70, 'Qui voluptatem.', 'Ex veritatis temporibus voluptas id quam et omnis aliquam. Est sit molestiae ratione earum magni. Autem quibusdam accusantium debitis et recusandae.', 5.30, 'qui-voluptatem', '2020-05-14 06:52:12', '2020-05-14 06:52:12', NULL),
	(71, 'Voluptas magni sequi.', 'Reiciendis adipisci accusamus vitae aut nihil et autem omnis. Alias culpa neque labore molestias possimus consequatur animi cupiditate. Incidunt eos autem quo et deserunt. Atque animi dolorem quia iusto. Molestiae illum recusandae ipsam sed neque at est.', 9.00, 'voluptas-magni-sequi', '2020-05-14 06:52:12', '2020-05-14 06:52:12', NULL),
	(72, 'Quo repellat.', 'Sequi veritatis qui minus molestiae adipisci. Et dignissimos laboriosam ea necessitatibus saepe sit labore ab. Et perspiciatis quam laudantium fugiat velit aspernatur. Modi eaque qui tempore sed occaecati consequatur.', 48.26, 'quo-repellat', '2020-05-14 06:52:12', '2020-05-14 06:52:12', NULL),
	(73, 'Eum sed ea dolor.', 'Minus animi voluptatibus veniam dolore tenetur a consequatur. Qui nulla necessitatibus illum maiores debitis in. Odio asperiores in ipsam sunt.', 36.61, 'eum-sed-ea-dolor', '2020-05-14 06:52:12', '2020-05-14 06:52:12', NULL),
	(74, 'Voluptas totam quia excepturi.', 'Id excepturi sint distinctio ut repellendus aliquam doloremque. Odit consectetur voluptates qui et illo deleniti quos repellendus. Nihil asperiores tempora atque dolorem est enim. Voluptatibus mollitia rerum repellendus esse. Molestias eaque a veniam.', 49.28, 'voluptas-totam-quia-excepturi', '2020-05-14 06:52:12', '2020-05-14 06:52:12', NULL),
	(75, 'Dolorem asperiores explicabo voluptas.', 'Quis iure minus et autem quia ut optio. Minus sint ad asperiores odit quibusdam veniam. Et in aut ea distinctio amet.', 12.29, 'dolorem-asperiores-explicabo-voluptas', '2020-05-14 06:52:12', '2020-05-14 06:52:12', NULL),
	(76, 'Cum sit occaecati.', 'Itaque repudiandae esse fugit quo harum laudantium. Dolore delectus ea illo. Facere veniam enim error est tempora voluptatem nobis. Non ut autem beatae.', 3.95, 'cum-sit-occaecati', '2020-05-14 06:52:12', '2020-05-14 06:52:12', NULL),
	(77, 'Alias consequatur.', 'Consequatur officia sint cum ex cum sit aliquid. At dolores dolores consequatur perspiciatis voluptatem quia. Saepe similique illum quia voluptatibus hic.', 10.64, 'alias-consequatur', '2020-05-14 06:52:12', '2020-05-14 06:52:12', NULL),
	(78, 'Et sit ut quis.', 'Laborum a nesciunt nemo velit. Saepe fugiat rerum est animi ea alias. Necessitatibus qui non reprehenderit quo rem rerum ipsam.', 25.00, 'et-sit-ut-quis', '2020-05-14 06:52:13', '2020-05-14 06:52:13', NULL),
	(79, 'Similique minima doloremque.', 'Deserunt ducimus enim nihil iure corrupti. Ad quisquam dolorum iusto ut sed voluptas. Aut tempore et magnam nobis rerum. Nesciunt aut delectus laboriosam rem non. Quos rem excepturi doloremque accusamus dolores delectus.', 27.15, 'similique-minima-doloremque', '2020-05-14 06:52:13', '2020-05-14 06:52:13', NULL),
	(80, 'Illo fuga.', 'Quis illum et dolor quidem ut dolorem nisi. Nostrum quaerat facilis libero sit voluptas. Voluptatem inventore consequatur eos a. Dolor ullam commodi consequatur sequi aut ab. Ex provident repellat voluptate aut perspiciatis omnis.', 33.23, 'illo-fuga', '2020-05-14 06:52:13', '2020-05-14 06:52:13', NULL),
	(81, 'Dolores voluptate.', 'Minima aperiam dolorem quidem nulla et. Cum qui perspiciatis vel. Quis vitae voluptatem quia quibusdam enim.', 15.26, 'dolores-voluptate', '2020-05-14 06:52:13', '2020-05-14 06:52:13', NULL),
	(82, 'Totam eos nobis quibusdam.', 'Architecto voluptas qui quia omnis saepe deserunt sed. Quam praesentium ea sunt nemo inventore neque. Rerum eaque omnis aspernatur et provident error non consectetur.', 23.33, 'totam-eos-nobis-quibusdam', '2020-05-14 06:52:13', '2020-05-14 06:52:13', NULL),
	(83, 'Aut et suscipit.', 'Dolore ipsam eos et. Exercitationem sit et assumenda expedita. Reprehenderit ut sit temporibus sunt consectetur sint ratione.', 17.31, 'aut-et-suscipit', '2020-05-14 06:52:13', '2020-05-14 06:52:13', NULL),
	(84, 'Qui maxime est eius.', 'Natus aspernatur nulla occaecati explicabo aut. Ut corporis cupiditate veritatis voluptas omnis nihil. Amet reprehenderit quidem quas doloremque. Temporibus earum qui mollitia quas tempore debitis.', 8.03, 'qui-maxime-est-eius', '2020-05-14 06:52:13', '2020-05-14 06:52:13', NULL),
	(85, 'Delectus ab iusto et id.', 'Est facere tempora error est quibusdam. Dignissimos vel amet quia consequuntur eveniet et. Sed praesentium libero aspernatur temporibus.', 32.68, 'delectus-ab-iusto-et-id', '2020-05-14 06:52:13', '2020-05-14 06:52:13', NULL),
	(86, 'Quisquam natus dolorem sint.', 'Rerum qui qui nihil eligendi consequuntur tempore voluptas pariatur. Cumque nobis neque necessitatibus ad praesentium quidem voluptatem. Doloribus est maxime aspernatur nemo qui. Aperiam assumenda excepturi voluptas nihil alias molestiae.', 34.10, 'quisquam-natus-dolorem-sint', '2020-05-14 06:52:13', '2020-05-14 06:52:13', NULL),
	(87, 'Quia laborum quisquam.', 'Temporibus et quod in doloribus minima voluptatem. Animi ipsam qui illo maiores non aut odio. Sed quisquam distinctio molestiae quia natus quia omnis.', 28.36, 'quia-laborum-quisquam', '2020-05-14 06:52:13', '2020-05-14 06:52:13', NULL),
	(88, 'Quo illum.', 'Error accusantium illo ut quis. Illo vel quis incidunt ut tempore eum.', 25.09, 'quo-illum', '2020-05-14 06:52:13', '2020-05-14 06:52:13', NULL),
	(89, 'Fugit magni inventore.', 'Sapiente nisi dicta ut deleniti aperiam adipisci minus. Recusandae at quia repudiandae id natus. Eum et dolorem doloribus repellat ad. Itaque ut ullam dolores ipsum sit numquam et.', 34.80, 'fugit-magni-inventore', '2020-05-14 06:52:13', '2020-05-14 06:52:13', NULL),
	(90, 'Debitis atque vitae quaerat.', 'Sunt quaerat labore laboriosam maiores ea totam voluptatem repellendus. Similique qui hic quibusdam. Quo aut dolores odit inventore modi ad quo.', 15.37, 'debitis-atque-vitae-quaerat', '2020-05-14 06:52:13', '2020-05-14 06:52:13', NULL),
	(91, 'Molestiae modi provident.', 'Nulla mollitia cupiditate ut dolore est autem quisquam. Quis mollitia fuga illum vitae cupiditate ea. Nemo vero vel est et cumque magnam sequi.', 41.84, 'molestiae-modi-provident', '2020-05-14 06:52:13', '2020-05-14 06:52:13', NULL),
	(92, 'Aut magni ea.', 'Corrupti non soluta amet minima mollitia adipisci reprehenderit. Temporibus ipsum facere iure asperiores distinctio qui in.', 17.51, 'aut-magni-ea', '2020-05-14 06:52:13', '2020-05-14 06:52:13', NULL),
	(93, 'Porro neque sit saepe.', 'Ducimus exercitationem blanditiis adipisci aspernatur consectetur tenetur architecto accusantium. Quam soluta facilis qui non ullam. Qui minus sequi illum praesentium est et dolore. In blanditiis veniam eius nemo nihil dolores consequatur ut.', 11.15, 'porro-neque-sit-saepe', '2020-05-14 06:52:13', '2020-05-14 06:52:13', NULL),
	(94, 'Maxime rerum.', 'Quisquam magnam et quis asperiores. Dolor delectus nemo aut repellendus et quia. Sint ad ducimus harum quia aut. Pariatur occaecati velit amet est.', 24.62, 'maxime-rerum', '2020-05-14 06:52:13', '2020-05-14 06:52:13', NULL),
	(95, 'Vitae dolorum quia.', 'Rerum possimus nihil vel est. Aut voluptatibus possimus earum pariatur. Autem nulla perspiciatis ut facere. Cum non quidem aut quos cum assumenda nemo enim.', 22.94, 'vitae-dolorum-quia', '2020-05-14 06:52:13', '2020-05-14 06:52:13', NULL),
	(96, 'Beatae quos eaque.', 'Ea voluptas iste iste sed architecto et ut. Culpa quod sit hic iste nulla. Suscipit et dolores fuga omnis quisquam eius. Quasi et aliquam temporibus doloribus iusto debitis porro.', 13.72, 'beatae-quos-eaque', '2020-05-14 06:52:13', '2020-05-14 06:52:13', NULL),
	(97, 'Corrupti eaque quo repellat.', 'Eius ex fuga odit rerum odit. Autem est aspernatur sint quaerat. Eligendi labore vel autem qui omnis quod.', 19.96, 'corrupti-eaque-quo-repellat', '2020-05-14 06:52:13', '2020-05-14 06:52:13', NULL),
	(98, 'Modi sit facere doloremque.', 'Expedita sed dolores est sapiente. Quidem itaque aut tempora ut. Eum illo repellat itaque quos. Sint nobis sunt nulla accusantium inventore.', 32.82, 'modi-sit-facere-doloremque', '2020-05-14 06:52:13', '2020-05-14 06:52:13', NULL),
	(99, 'Placeat earum saepe.', 'Sapiente necessitatibus temporibus quos. Reprehenderit et sit quibusdam omnis temporibus eligendi consequatur. Magnam saepe iste nemo. Consectetur unde molestiae enim rerum. Vel sunt ut voluptatem culpa recusandae quo.', 3.98, 'placeat-earum-saepe', '2020-05-14 06:52:13', '2020-05-14 06:52:13', NULL),
	(100, 'Provident perspiciatis qui.', 'Omnis rerum mollitia voluptates ea et alias deserunt distinctio. At ut culpa error omnis sunt rerum dolor. Aut suscipit adipisci modi quo unde qui. Sunt et modi quos nam.', 47.15, 'provident-perspiciatis-qui', '2020-05-14 06:52:13', '2020-05-14 06:52:13', NULL),
	(101, 'Pariatur quis.', 'Doloremque autem fugit dicta eum quia. Quisquam nostrum sed aut aut id. Ea incidunt cupiditate doloremque atque eum et aut. Provident culpa dolorum sed eum sit.', 28.71, 'pariatur-quis', '2020-05-14 06:52:13', '2020-05-14 06:52:13', NULL),
	(102, 'Quia molestiae iusto.', 'Ipsam magni nemo cum in. Perferendis sit fuga delectus velit nobis inventore. A velit veritatis quidem sunt.', 10.87, 'quia-molestiae-iusto', '2020-05-14 06:52:13', '2020-05-14 06:52:13', NULL),
	(103, 'Iusto fuga hic ad.', 'Facilis iusto perferendis fuga est eum expedita quod. Explicabo molestiae et aliquam ut.', 44.46, 'iusto-fuga-hic-ad', '2020-05-14 06:52:13', '2020-05-14 06:52:13', NULL),
	(104, 'Est voluptas veritatis commodi quidem.', 'Et ipsam earum voluptatem eveniet vel magni vel. Et optio iure occaecati sit quo perspiciatis. Repudiandae ducimus perspiciatis adipisci possimus perferendis eum voluptas accusamus. Sapiente velit aut suscipit.', 13.34, 'est-voluptas-veritatis-commodi-quidem', '2020-05-14 06:52:13', '2020-05-14 06:52:13', NULL),
	(105, 'Eum odit dignissimos.', 'Repellendus aut quae quo sunt id vitae ipsam. Aut laboriosam vel commodi et iusto doloribus praesentium. Qui qui nisi est enim qui voluptas dolores. Ut ut et dicta animi.', 11.57, 'eum-odit-dignissimos', '2020-05-14 06:52:13', '2020-05-14 06:52:13', NULL),
	(106, 'Ducimus ad dolor.', 'Odit cumque quia deleniti. Laudantium voluptas accusamus dolores aut dolor. Porro non ad praesentium. Cumque earum occaecati voluptatum amet autem et id.', 28.75, 'ducimus-ad-dolor', '2020-05-14 06:52:13', '2020-05-14 06:52:13', NULL),
	(107, 'Et cupiditate repudiandae delectus.', 'Fugiat earum sapiente sit numquam et voluptates dolor. Fuga placeat nemo dolorem alias quia dolores. Amet quo natus exercitationem.', 47.80, 'et-cupiditate-repudiandae-delectus', '2020-05-14 06:52:13', '2020-05-14 06:52:13', NULL),
	(108, 'Cum velit molestiae.', 'Nostrum sunt voluptatum dolor voluptatem ex dignissimos. Qui dolore tempora mollitia nesciunt suscipit reprehenderit veniam. Similique doloremque quo culpa rerum perferendis qui qui. Quas voluptas ut sint. Ut cumque quisquam repudiandae.', 49.45, 'cum-velit-molestiae', '2020-05-14 06:52:13', '2020-05-14 06:52:13', NULL),
	(109, 'Magnam cupiditate repellat harum.', 'Veritatis rem soluta itaque occaecati temporibus accusamus. Sed veniam vel eveniet repudiandae et aut facere perferendis. Omnis vel fugit non quod laborum ea.', 1.08, 'magnam-cupiditate-repellat-harum', '2020-05-14 06:52:13', '2020-05-14 06:52:13', NULL),
	(110, 'Itaque repudiandae aut.', 'Et molestiae nihil omnis deserunt commodi non id. Accusantium impedit aut est minus omnis velit provident. Enim harum consequatur doloremque illum eos facilis enim mollitia. Quo quo dolorum asperiores sed aut.', 14.26, 'itaque-repudiandae-aut', '2020-05-14 06:52:13', '2020-05-14 06:52:13', NULL),
	(111, 'Sint sed ut.', 'Cum quasi officiis et sit fugiat quia. Qui aut suscipit sed consequuntur aut minus. Deleniti veniam incidunt distinctio placeat mollitia voluptate assumenda. Quas eius dolores est dolorem ratione.', 48.55, 'sint-sed-ut', '2020-05-14 06:52:13', '2020-05-14 06:52:13', NULL),
	(112, 'Natus earum non.', 'Nisi veniam qui nihil. Cupiditate voluptas quis animi modi itaque. Cupiditate rem at non quod deserunt.', 28.73, 'natus-earum-non', '2020-05-14 06:52:13', '2020-05-14 06:52:13', NULL),
	(113, 'Voluptatibus iusto natus occaecati.', 'Sint et at quia repellendus quia quis in saepe. Adipisci accusantium voluptate ut sed sit voluptatem. Alias ipsum quod quam eos mollitia dolor.', 48.73, 'voluptatibus-iusto-natus-occaecati', '2020-05-14 06:52:13', '2020-05-14 06:52:13', NULL),
	(114, 'Neque sit eum.', 'Modi autem et qui corrupti enim. Deserunt nisi totam quidem nemo magni harum rerum enim. Provident et architecto ea corrupti.', 42.55, 'neque-sit-eum', '2020-05-14 06:52:13', '2020-05-14 06:52:13', NULL),
	(115, 'Necessitatibus dolore aut sit.', 'Pariatur ut incidunt laudantium rerum. Quia aperiam quis est consequatur id in esse. Sit autem hic cupiditate magni.', 30.51, 'necessitatibus-dolore-aut-sit', '2020-05-14 06:52:13', '2020-05-14 06:52:13', NULL),
	(116, 'Ratione ut aut minima eaque.', 'Voluptas dicta accusamus quis non sunt. Fugit et odio repellendus sit neque enim delectus voluptates. Blanditiis molestiae est ipsum et voluptatem. Ex porro corporis iusto vero repellat fugit harum. Non modi ea vel.', 1.13, 'ratione-ut-aut-minima-eaque', '2020-05-14 06:52:13', '2020-05-14 06:52:13', NULL),
	(117, 'Vel asperiores est at.', 'In iste molestiae aut sit natus. Provident eos esse quia voluptatem. Dolore sunt enim quasi voluptatum sit et. Natus quos sed iste voluptatem facilis et.', 34.43, 'vel-asperiores-est-at', '2020-05-14 06:52:13', '2020-05-14 06:52:13', NULL),
	(118, 'Voluptates tempora rem.', 'Itaque facilis nisi qui nostrum. Consequatur illo dolor odio consequuntur cum. Earum doloremque natus fuga voluptas corrupti explicabo. Est aut rerum placeat sint voluptates enim maiores incidunt.', 10.12, 'voluptates-tempora-rem', '2020-05-14 06:52:13', '2020-05-14 06:52:13', NULL),
	(119, 'Consequatur et dignissimos non.', 'Molestias ducimus minus eius consequuntur. Odio quia voluptatem consequuntur placeat autem id debitis. Magnam qui sit ad deserunt quas consequatur dolores. Necessitatibus quia qui distinctio soluta. Sunt deserunt quia reprehenderit dolor asperiores a ut.', 11.90, 'consequatur-et-dignissimos-non', '2020-05-14 06:52:13', '2020-05-14 06:52:13', NULL),
	(120, 'Omnis aut deleniti facilis voluptate.', 'Vitae voluptatem ipsam voluptate aut quae iusto. Adipisci sequi sunt saepe consequatur aspernatur quidem. Reiciendis rerum molestiae ut iste eveniet qui sunt quas.', 35.87, 'omnis-aut-deleniti-facilis-voluptate', '2020-05-14 06:52:13', '2020-05-14 06:52:13', NULL),
	(121, 'Voluptatem commodi provident qui.', 'Voluptatem voluptatibus ratione est culpa expedita. Et sit earum ratione qui incidunt eius nostrum. Perferendis quas laborum sed aliquam veniam. Ut sed voluptatem odit incidunt sit vitae.', 20.81, 'voluptatem-commodi-provident-qui', '2020-05-14 06:52:13', '2020-05-14 06:52:13', NULL),
	(122, 'Et maxime est et molestiae.', 'Sit eligendi ex magnam dolorum occaecati optio excepturi. Laborum doloribus voluptatem dolorum eaque et aliquam nesciunt. Nam molestias quod occaecati odio nisi. Est sunt sunt sint rerum assumenda.', 23.47, 'et-maxime-est-et-molestiae', '2020-05-14 06:52:13', '2020-05-14 06:52:13', NULL),
	(123, 'Sed dolores nulla sit.', 'Consectetur doloremque dolor velit soluta quos et. Esse numquam aut aut beatae vel. Voluptates quisquam laborum ratione laudantium dolores officiis. Quia explicabo eos dolor qui. Ducimus qui rerum incidunt iste laboriosam.', 27.26, 'sed-dolores-nulla-sit', '2020-05-14 06:52:13', '2020-05-14 06:52:13', NULL),
	(124, 'Cum cumque praesentium quaerat.', 'Eum deserunt sunt eos et. Molestiae omnis et recusandae fuga. Est laboriosam tempora itaque rerum eum ex architecto. Laudantium aut quasi alias dolor.', 27.70, 'cum-cumque-praesentium-quaerat', '2020-05-14 06:52:13', '2020-05-14 06:52:13', NULL),
	(125, 'Perspiciatis quod ducimus vel.', 'Cupiditate sapiente rerum deserunt et nulla sapiente. Tempore voluptatem reiciendis possimus officiis. Laudantium occaecati modi corporis doloremque enim et voluptates aut.', 28.73, 'perspiciatis-quod-ducimus-vel', '2020-05-14 06:52:13', '2020-05-14 06:52:13', NULL),
	(126, 'Vel ut laboriosam.', 'Neque nihil sed molestiae dolore voluptates. Et sint ut ab illum qui. Officiis rerum quo laborum eligendi. Soluta eos magni dolore in ab laboriosam quia.', 48.50, 'vel-ut-laboriosam', '2020-05-14 06:52:13', '2020-05-14 06:52:13', NULL),
	(127, 'Dolore id omnis.', 'Et dolore aut blanditiis sed provident est. Et sint quis voluptatum vel quia.', 34.60, 'dolore-id-omnis', '2020-05-14 06:52:13', '2020-05-14 06:52:13', NULL),
	(128, 'Qui et maiores non.', 'Voluptatem porro dolores amet reprehenderit non. Accusantium molestiae aut aliquam labore delectus ut et. Aut ut vitae ipsam est incidunt beatae. Soluta illum repellat aliquam neque earum.', 12.59, 'qui-et-maiores-non', '2020-05-14 06:52:13', '2020-05-14 06:52:13', NULL),
	(129, 'Occaecati impedit illum sit.', 'In aliquid velit commodi quia harum magni facilis. Dolore eligendi adipisci eos ut dolore temporibus. Et temporibus magnam minus quo cumque sed. Sint voluptatibus iusto id est.', 21.51, 'occaecati-impedit-illum-sit', '2020-05-14 06:52:13', '2020-05-14 06:52:13', NULL),
	(130, 'Veniam eos placeat unde.', 'Amet ab commodi ut voluptates qui dolor cum. Et consectetur hic dolorum est nihil. Omnis placeat nostrum impedit commodi ad. Qui ex odit esse possimus magni et omnis.', 39.91, 'veniam-eos-placeat-unde', '2020-05-14 06:52:13', '2020-05-14 06:52:13', NULL),
	(131, 'Maxime earum in.', 'Ratione non incidunt ut nobis. Perferendis consequuntur sapiente repellendus qui sint ex quia.', 37.29, 'maxime-earum-in', '2020-05-14 06:52:13', '2020-05-14 06:52:13', NULL),
	(132, 'Voluptatem reiciendis recusandae quis.', 'Qui dicta nulla omnis dignissimos tempora voluptates corrupti. Facilis totam eum dolores placeat omnis maiores. Nisi aut eum velit.', 7.37, 'voluptatem-reiciendis-recusandae-quis', '2020-05-14 06:52:13', '2020-05-14 06:52:13', NULL),
	(133, 'Odit ratione rerum qui.', 'Voluptates ex aliquid id illo corporis voluptatem. Quos nobis eveniet voluptatem dolorum consequatur. Voluptatem consequuntur est quia placeat.', 14.98, 'odit-ratione-rerum-qui', '2020-05-14 06:52:13', '2020-05-14 06:52:13', NULL),
	(134, 'Sapiente quam vero et.', 'Velit fuga laborum aut fuga non sit nam. Qui qui corporis excepturi quis. Qui alias rerum atque non.', 41.61, 'sapiente-quam-vero-et', '2020-05-14 06:52:13', '2020-05-14 06:52:13', NULL),
	(135, 'Enim corrupti corporis.', 'Sunt totam impedit laborum numquam unde enim. Temporibus non voluptas voluptatum facilis praesentium corporis. Vitae quaerat deleniti et nemo.', 16.96, 'enim-corrupti-corporis', '2020-05-14 06:52:13', '2020-05-14 06:52:13', NULL),
	(136, 'Magni quo illo.', 'Ad sapiente est dolor. Ratione animi adipisci eveniet amet. Voluptate enim et debitis perspiciatis hic ab.', 40.78, 'magni-quo-illo', '2020-05-14 06:52:13', '2020-05-14 06:52:13', NULL),
	(137, 'Accusantium ipsum totam.', 'Aperiam omnis omnis adipisci est molestiae est quia quas. Quas repudiandae aut et sed eum nostrum.', 24.68, 'accusantium-ipsum-totam', '2020-05-14 06:52:13', '2020-05-14 06:52:13', NULL),
	(138, 'A velit inventore ut.', 'Nam est laboriosam repudiandae. Enim aliquam assumenda id rerum voluptatum rem tempora fugit. Dolore aut iusto porro omnis deleniti rerum. Blanditiis tempore vel reprehenderit recusandae nihil cumque voluptatem.', 3.56, 'a-velit-inventore-ut', '2020-05-14 06:52:13', '2020-05-14 06:52:13', NULL),
	(139, 'Officiis quis perferendis saepe.', 'Laudantium minima veniam vero. Exercitationem at enim aspernatur distinctio.', 46.27, 'officiis-quis-perferendis-saepe', '2020-05-14 06:52:13', '2020-05-14 06:52:13', NULL),
	(140, 'Sequi labore dolorem blanditiis.', 'Pariatur at doloremque deserunt odio labore voluptates non. Omnis odio aut molestias qui repudiandae rerum. Eos neque recusandae blanditiis error labore.', 38.95, 'sequi-labore-dolorem-blanditiis', '2020-05-14 06:52:13', '2020-05-14 06:52:13', NULL),
	(141, 'Incidunt eum hic.', 'Aliquid vero ut ut accusantium mollitia non natus. Velit corrupti a reprehenderit soluta repellendus quisquam accusantium cum. Et quasi reiciendis occaecati.', 9.91, 'incidunt-eum-hic', '2020-05-14 06:52:14', '2020-05-14 06:52:14', NULL),
	(142, 'Praesentium alias totam provident soluta.', 'Aut mollitia vel cupiditate ducimus alias praesentium et labore. Numquam error vitae eaque provident natus voluptas alias vel. Quo quo expedita dolore. Quidem nesciunt voluptas rerum delectus eum corrupti soluta.', 9.05, 'praesentium-alias-totam-provident-soluta', '2020-05-14 06:52:14', '2020-05-14 06:52:14', NULL),
	(143, 'Et sint.', 'Vel et earum quia officiis. Ipsum eum sit veritatis fugiat magnam temporibus. Quisquam aperiam quia eum ad est ut.', 33.12, 'et-sint', '2020-05-14 06:52:14', '2020-05-14 06:52:14', NULL),
	(144, 'Illo fugit aut dolorem.', 'Animi illo et praesentium voluptate voluptatem fuga cumque. Modi eos et beatae est dolor et aut. Delectus est dolorem repellat ut quia. Quasi occaecati fuga quis voluptatem reprehenderit ab incidunt voluptatem.', 18.88, 'illo-fugit-aut-dolorem', '2020-05-14 06:52:14', '2020-05-14 06:52:14', NULL),
	(145, 'Corporis aut impedit rerum.', 'Est cum similique maxime praesentium officiis. A magnam ut neque et eum corporis. Voluptates quia dolorem consectetur quia distinctio voluptatum. Itaque suscipit aut repudiandae ut alias magnam ex.', 25.04, 'corporis-aut-impedit-rerum', '2020-05-14 06:52:14', '2020-05-14 06:52:14', NULL),
	(146, 'Eligendi id ut enim.', 'Consequatur similique quod ea aut itaque harum. Aperiam fugit ipsum fuga eligendi incidunt non. Qui consequatur delectus in maxime. Tempora dolorem reprehenderit voluptatem rerum nam sit.', 33.49, 'eligendi-id-ut-enim', '2020-05-14 06:52:14', '2020-05-14 06:52:14', NULL),
	(147, 'Et quo doloribus.', 'Animi eaque deserunt voluptas quia incidunt debitis sint. Ipsum voluptates dignissimos aut totam enim. Magnam temporibus deserunt sed eius dolore.', 6.83, 'et-quo-doloribus', '2020-05-14 06:52:14', '2020-05-14 06:52:14', NULL),
	(148, 'Ut quo non.', 'Ut culpa ullam animi sed debitis. Dolorem ipsam sed ut consectetur saepe et iure. Natus fuga impedit voluptatem voluptas maxime voluptas.', 20.24, 'ut-quo-non', '2020-05-14 06:52:14', '2020-05-14 06:52:14', NULL),
	(149, 'Dolores accusantium voluptatem ex.', 'Provident magnam sed sint. Qui voluptatem aut odio numquam voluptate non. Ut rerum quia esse possimus debitis reprehenderit. Nesciunt dolores aut beatae dolor est dolore sint odio.', 23.39, 'dolores-accusantium-voluptatem-ex', '2020-05-14 06:52:14', '2020-05-14 06:52:14', NULL),
	(150, 'Vel aperiam corrupti possimus.', 'Quas iusto est est quas eligendi quia. Nam est qui recusandae sed. Alias provident et ut sunt aut. Ut rerum animi est.', 33.15, 'vel-aperiam-corrupti-possimus', '2020-05-14 06:52:14', '2020-05-14 06:52:14', NULL),
	(151, 'Exercitationem aut voluptates.', 'Ut labore ut numquam hic rerum ut deserunt. Enim qui dolor aliquid cupiditate alias. Nobis reiciendis aut nam animi labore dolorum similique quae. Aut at id facilis quasi quibusdam sit.', 13.46, 'exercitationem-aut-voluptates', '2020-05-14 06:52:14', '2020-05-14 06:52:14', NULL),
	(152, 'Consequuntur nihil voluptatem.', 'Quia expedita libero reprehenderit aliquid. Nemo qui enim consequatur. Vero qui dolores aut inventore quas veniam labore. Facere eum tempore qui in est eos doloremque voluptatum.', 26.85, 'consequuntur-nihil-voluptatem', '2020-05-14 06:52:14', '2020-05-14 06:52:14', NULL),
	(153, 'Exercitationem nihil veniam temporibus.', 'Itaque saepe vero tempore quod. Quaerat sed est ad numquam ut incidunt voluptatibus. Autem et ipsam et vel enim quam.', 31.64, 'exercitationem-nihil-veniam-temporibus', '2020-05-14 06:52:14', '2020-05-14 06:52:14', NULL),
	(154, 'Culpa iure exercitationem.', 'Repellat voluptatem labore temporibus corrupti architecto. Qui blanditiis recusandae consectetur quia nam. Nobis nemo aut ad tempore. Quae repudiandae quia quaerat quaerat dolorum ratione tempora. Fugiat error earum assumenda voluptatem.', 31.60, 'culpa-iure-exercitationem', '2020-05-14 06:52:14', '2020-05-14 06:52:14', NULL),
	(155, 'Qui deleniti quo eligendi nostrum.', 'Praesentium a quo nobis doloribus quasi. Modi ut quis molestias quam a accusamus.', 10.93, 'qui-deleniti-quo-eligendi-nostrum', '2020-05-14 06:52:14', '2020-05-14 06:52:14', NULL),
	(156, 'Sed voluptatem quaerat similique.', 'Placeat velit placeat omnis possimus voluptates reprehenderit debitis. Eos qui dolor enim sint eaque provident ex. Laborum provident eveniet autem non est labore mollitia. Quibusdam nisi eos temporibus sequi.', 7.72, 'sed-voluptatem-quaerat-similique', '2020-05-14 06:52:14', '2020-05-14 06:52:14', NULL),
	(157, 'Nostrum dicta aliquid non.', 'Illum aliquam qui ratione ad nisi esse veritatis. Cum nulla eum natus quibusdam. Nulla consequuntur sit quia. Sint velit officiis aut nihil non.', 27.42, 'nostrum-dicta-aliquid-non', '2020-05-14 06:52:14', '2020-05-14 06:52:14', NULL),
	(158, 'Eius eum dolores dolores.', 'Ab voluptatem eveniet et aliquam esse omnis. Eos ducimus quo et nisi nisi sed eligendi. Aut veniam enim ad libero commodi.', 20.92, 'eius-eum-dolores-dolores', '2020-05-14 06:52:14', '2020-05-14 06:52:14', NULL),
	(159, 'Iste voluptas architecto atque.', 'Fugit id voluptatem animi natus quia qui consequatur quibusdam. Aperiam tempore possimus et molestias consequatur. Ad tempore minima enim dolores voluptatum doloribus sit.', 30.36, 'iste-voluptas-architecto-atque', '2020-05-14 06:52:14', '2020-05-14 06:52:14', NULL),
	(160, 'Incidunt minus dolor sit.', 'Aut velit debitis atque ullam temporibus. Minus cum non ut. Nulla qui provident et voluptatem tenetur explicabo accusantium. Doloremque magnam fugit iste labore adipisci.', 27.33, 'incidunt-minus-dolor-sit', '2020-05-14 06:52:14', '2020-05-14 06:52:14', NULL),
	(161, 'Est nostrum.', 'Dolor enim voluptas officia quasi at. Quia consequatur et quod. Unde dolor doloremque nulla suscipit architecto. Neque repudiandae est ducimus est ipsa.', 31.76, 'est-nostrum', '2020-05-14 06:52:14', '2020-05-14 06:52:14', NULL),
	(162, 'Fuga quae qui.', 'Ut id itaque deserunt adipisci et qui. Dolorem dicta mollitia nisi ea. Blanditiis aut error ipsam necessitatibus animi debitis.', 33.79, 'fuga-quae-qui', '2020-05-14 06:52:14', '2020-05-14 06:52:14', NULL),
	(163, 'Dignissimos numquam nihil nemo.', 'Ut nisi doloribus cupiditate aliquid soluta. Est iure ut minima. Possimus et blanditiis et soluta iusto velit.', 47.61, 'dignissimos-numquam-nihil-nemo', '2020-05-14 06:52:14', '2020-05-14 06:52:14', NULL),
	(164, 'Et ad dolores commodi.', 'Nobis aut expedita doloremque accusantium est nihil mollitia. Quod deleniti enim delectus. Omnis dolores harum tempore accusantium consequuntur quis aut quos. Accusamus qui enim molestiae inventore animi voluptatem.', 19.93, 'et-ad-dolores-commodi', '2020-05-14 06:52:14', '2020-05-14 06:52:14', NULL),
	(165, 'Non modi autem.', 'Tempora in labore tempora asperiores molestias. Dignissimos nam qui reiciendis veniam quo quia ea consectetur. Eos quasi reiciendis repellat recusandae alias.', 48.02, 'non-modi-autem', '2020-05-14 06:52:14', '2020-05-14 06:52:14', NULL),
	(166, 'Consectetur odit voluptas.', 'Amet voluptatum et ea explicabo ea sapiente similique. Eum porro hic est quis praesentium voluptatibus. Voluptatem mollitia dicta sit corrupti. Et illo repudiandae assumenda qui qui.', 25.44, 'consectetur-odit-voluptas', '2020-05-14 06:52:14', '2020-05-14 06:52:14', NULL),
	(167, 'Earum placeat.', 'Consequuntur mollitia fugit libero adipisci impedit libero amet. Quia eveniet consequuntur dolores delectus inventore ducimus. Veniam quasi soluta nesciunt eos sunt.', 22.07, 'earum-placeat', '2020-05-14 06:52:14', '2020-05-14 06:52:14', NULL),
	(168, 'Sapiente explicabo distinctio.', 'Autem a beatae quaerat molestiae dignissimos laudantium corrupti. Doloribus quis dolores ratione natus voluptatum dolorum. Voluptas quaerat reprehenderit sapiente quis voluptatem. Maxime vel cum et expedita sapiente.', 29.56, 'sapiente-explicabo-distinctio', '2020-05-14 06:52:14', '2020-05-14 06:52:14', NULL),
	(169, 'Facere rerum assumenda eum ad.', 'Et aut id dolores maxime non rerum. A aut maxime consectetur. Velit laudantium praesentium culpa aspernatur aut voluptatem. Officiis et dolorem porro natus. Aliquid et et dolores.', 45.12, 'facere-rerum-assumenda-eum-ad', '2020-05-14 06:52:14', '2020-05-14 06:52:14', NULL),
	(170, 'Nemo tenetur laboriosam rerum.', 'Assumenda enim ex ducimus distinctio similique neque molestiae. Odio hic deleniti voluptatem saepe. Dolorum aut rerum facere similique qui non. Dolore et consequuntur animi beatae soluta.', 1.65, 'nemo-tenetur-laboriosam-rerum', '2020-05-14 06:52:14', '2020-05-14 06:52:14', NULL),
	(171, 'Vitae soluta.', 'Eos et consectetur ad facere dolor. A adipisci quidem maiores fuga aspernatur.', 1.67, 'vitae-soluta', '2020-05-14 06:52:14', '2020-05-14 06:52:14', NULL),
	(172, 'Id ut consequuntur in.', 'Aliquid et nisi expedita officiis. Id eius dolor est distinctio esse iste. Quos molestias non numquam ullam qui. Ut assumenda eligendi atque ex et culpa molestiae.', 27.74, 'id-ut-consequuntur-in', '2020-05-14 06:52:14', '2020-05-14 06:52:14', NULL),
	(173, 'Sint similique repudiandae.', 'Ipsam consequatur officiis voluptas vitae ad. Quo libero aut distinctio vel et facilis. Aut quis reprehenderit beatae quis tempora. Cumque magnam est nesciunt aliquid asperiores.', 17.21, 'sint-similique-repudiandae', '2020-05-14 06:52:14', '2020-05-14 06:52:14', NULL),
	(174, 'Quisquam labore incidunt.', 'Architecto esse voluptate sed fuga quis. Et et sunt sunt. Tempore et deleniti soluta non laboriosam. Est delectus pariatur et in autem.', 41.87, 'quisquam-labore-incidunt', '2020-05-14 06:52:14', '2020-05-14 06:52:14', NULL),
	(175, 'Laudantium necessitatibus ut quod distinctio.', 'Pariatur sed labore eos nihil in reiciendis. Veniam aut ad neque hic magnam enim distinctio. Velit nulla assumenda voluptatem facere at dolor eos. Iusto nostrum voluptas ratione.', 8.44, 'laudantium-necessitatibus-ut-quod-distinctio', '2020-05-14 06:52:14', '2020-05-14 06:52:14', NULL),
	(176, 'Veritatis possimus porro.', 'Tenetur aspernatur impedit expedita ea facilis voluptas sequi. Dolore voluptas exercitationem excepturi fugiat aperiam sit reprehenderit. Voluptas aliquam tempore soluta earum.', 6.88, 'veritatis-possimus-porro', '2020-05-14 06:52:14', '2020-05-14 06:52:14', NULL),
	(177, 'Possimus iure illo dolores accusantium.', 'Consequuntur possimus vero tempora vel et dolore. Illum voluptate et et fugit ad. Est quos hic consectetur dolor vel ea. Est eveniet voluptatum nihil architecto.', 8.84, 'possimus-iure-illo-dolores-accusantium', '2020-05-14 06:52:14', '2020-05-14 06:52:14', NULL),
	(178, 'Expedita provident aut.', 'Autem laboriosam doloribus deserunt dolor non qui ullam odio. At similique consequatur magnam molestiae illum autem. Aut perferendis vitae quia.', 3.88, 'expedita-provident-aut', '2020-05-14 06:52:14', '2020-05-14 06:52:14', NULL),
	(179, 'Eaque qui aut sit.', 'Minus blanditiis doloremque unde. Enim ullam nulla quidem magni nobis. Nihil qui repellat explicabo fugiat velit voluptas sed. Voluptas quia debitis voluptas nulla recusandae aspernatur et aspernatur. Facere dicta hic quidem dolorum incidunt.', 45.11, 'eaque-qui-aut-sit', '2020-05-14 06:52:14', '2020-05-14 06:52:14', NULL),
	(180, 'Quod amet non repellendus assumenda.', 'Ea libero fugit dolorum consectetur. Aperiam ea et ipsa in. Aliquid praesentium quia velit dolores repudiandae possimus. Quo suscipit officia modi cupiditate excepturi.', 44.75, 'quod-amet-non-repellendus-assumenda', '2020-05-14 06:52:14', '2020-05-14 06:52:14', NULL),
	(181, 'Est perferendis sint.', 'Earum quis consequatur dolorum cupiditate sequi. Repellendus sunt illo qui vitae. Molestias officiis minima voluptatum possimus sit dolor fugit. Ut voluptatibus et voluptatem maxime praesentium ratione.', 10.84, 'est-perferendis-sint', '2020-05-14 06:52:14', '2020-05-14 06:52:14', NULL),
	(182, 'Sit odit dolor explicabo.', 'Sapiente molestias iure saepe sunt. Ut mollitia qui optio et ut maiores et. Eligendi laboriosam in in atque voluptates.', 43.54, 'sit-odit-dolor-explicabo', '2020-05-14 06:52:14', '2020-05-14 06:52:14', NULL),
	(183, 'Provident aut unde.', 'Quaerat voluptatibus odit assumenda non. Voluptatibus repudiandae et dolorem iste quia est totam. Quis pariatur aliquid quae ipsa mollitia id.', 40.86, 'provident-aut-unde', '2020-05-14 06:52:14', '2020-05-14 06:52:14', NULL),
	(184, 'Et omnis consectetur.', 'Omnis amet aut quo quo voluptatem rem. Dolores corporis delectus porro facere corporis.', 49.26, 'et-omnis-consectetur', '2020-05-14 06:52:14', '2020-05-14 06:52:14', NULL),
	(185, 'Harum ut quasi nisi odio.', 'Quas voluptatem ab officiis magnam non. Cum enim aut in assumenda omnis illum nisi. Voluptas nisi expedita esse.', 14.87, 'harum-ut-quasi-nisi-odio', '2020-05-14 06:52:14', '2020-05-14 06:52:14', NULL),
	(186, 'Exercitationem voluptas explicabo.', 'Vel consectetur voluptate alias rerum possimus vel voluptatem enim. Dolor ut consequatur aut dolores hic sunt sed. Quis reprehenderit architecto maiores ipsam reprehenderit. Eos voluptate nobis facilis repudiandae natus aut in sapiente.', 6.34, 'exercitationem-voluptas-explicabo', '2020-05-14 06:52:14', '2020-05-14 06:52:14', NULL),
	(187, 'Expedita et aut ipsa.', 'Vero sit similique ex. Distinctio veniam adipisci eaque minus. Recusandae voluptas qui alias. Perspiciatis quia delectus ea quod vel. Accusamus culpa adipisci magni.', 33.20, 'expedita-et-aut-ipsa', '2020-05-14 06:52:14', '2020-05-14 06:52:14', NULL),
	(188, 'Aspernatur a aut sapiente.', 'Ea sint itaque nobis laboriosam quis. Accusamus nobis illum voluptas illo. Dolorum esse fuga molestiae corporis sit maiores corrupti vel. Dignissimos aut facilis delectus doloribus nam.', 27.83, 'aspernatur-a-aut-sapiente', '2020-05-14 06:52:14', '2020-05-14 06:52:14', NULL),
	(189, 'Nihil sed unde suscipit fugiat.', 'Error enim et eveniet sint quia. Qui suscipit aut cumque quod rem. Quae consequuntur qui ducimus doloribus sunt.', 24.71, 'nihil-sed-unde-suscipit-fugiat', '2020-05-14 06:52:14', '2020-05-14 06:52:14', NULL),
	(190, 'Consectetur architecto ab et.', 'Et asperiores dolorem aut aut laudantium fugiat doloremque. Veniam ullam necessitatibus mollitia numquam asperiores quam. Laudantium placeat voluptatem aut vitae suscipit. Tempore et totam ut.', 39.92, 'consectetur-architecto-ab-et', '2020-05-14 06:52:14', '2020-05-14 06:52:14', NULL),
	(191, 'Voluptate voluptatibus eos velit.', 'Ad aliquam ea sed nesciunt accusamus. Nisi temporibus consequatur facere magni. Est ex rem quibusdam. Et doloremque sed quo eveniet excepturi.', 47.46, 'voluptate-voluptatibus-eos-velit', '2020-05-14 06:52:14', '2020-05-14 06:52:14', NULL),
	(192, 'Sed quas nam voluptatem.', 'Hic minus minus tempora in et libero. Sed aspernatur quo ea id mollitia reiciendis qui. Accusantium deleniti omnis ab voluptatibus in.', 15.55, 'sed-quas-nam-voluptatem', '2020-05-14 06:52:14', '2020-05-14 06:52:14', NULL),
	(193, 'Omnis laborum debitis dicta.', 'Aut blanditiis veritatis iste. Tempore ut non omnis similique saepe nobis magni est. Laboriosam dolor natus dolores quae at. Quae ut cum similique doloremque.', 7.28, 'omnis-laborum-debitis-dicta', '2020-05-14 06:52:14', '2020-05-14 06:52:14', NULL),
	(194, 'Laboriosam distinctio.', 'Ut sed qui impedit ut culpa occaecati. Dolores delectus architecto cupiditate rerum molestias fugiat earum ad. Eum aut mollitia incidunt consequatur ut.', 30.09, 'laboriosam-distinctio', '2020-05-14 06:52:14', '2020-05-14 06:52:14', NULL),
	(195, 'Esse id asperiores.', 'Commodi adipisci magni voluptates quis et perspiciatis. Sit debitis dolor hic placeat aut. Dolores quia omnis et. Sunt molestiae expedita ipsum rerum et et.', 17.39, 'esse-id-asperiores', '2020-05-14 06:52:14', '2020-05-14 06:52:14', NULL),
	(196, 'Et ullam ab molestiae.', 'Ipsam maxime nihil quia in. Assumenda ullam ut sed ut quos facilis. Dolorum dolores consectetur labore omnis cumque atque commodi quidem. Ad iste aut dicta culpa dolorem consequatur debitis.', 33.62, 'et-ullam-ab-molestiae', '2020-05-14 06:52:14', '2020-05-14 06:52:14', NULL),
	(197, 'Rerum sequi.', 'Voluptas delectus et doloribus expedita et assumenda dolorem. Amet rerum optio velit unde qui dicta. Atque molestiae expedita eligendi qui perferendis qui. Quia voluptas nulla ex praesentium repellat nulla.', 23.28, 'rerum-sequi', '2020-05-14 06:52:14', '2020-05-14 06:52:14', NULL),
	(198, 'Laboriosam iure et vero.', 'Rerum explicabo enim eos non facilis natus. Autem nam eaque in voluptatum est placeat. Dolore voluptatum eius omnis totam vero delectus. Reiciendis aspernatur et aperiam possimus sint.', 12.89, 'laboriosam-iure-et-vero', '2020-05-14 06:52:14', '2020-05-14 06:52:14', NULL),
	(199, 'Dicta fugiat.', 'Veniam pariatur temporibus unde quaerat dolores iure. Assumenda ipsam quibusdam consequatur exercitationem voluptate. Dolore et ea earum.', 40.27, 'dicta-fugiat', '2020-05-14 06:52:14', '2020-05-14 06:52:14', NULL),
	(200, 'Vel quaerat repudiandae.', 'Omnis quia magni quia. Ea doloremque quis maiores odit ut unde tenetur. Possimus aut consectetur natus itaque delectus rerum nihil. Autem in et perspiciatis eos non dolore.', 9.57, 'vel-quaerat-repudiandae', '2020-05-14 06:52:14', '2020-05-14 06:52:14', NULL);
/*!40000 ALTER TABLE `products` ENABLE KEYS */;

-- Dumping structure for table l7-multi-level-categories.product_categories
CREATE TABLE IF NOT EXISTS `product_categories` (
  `id` int(10) unsigned NOT NULL AUTO_INCREMENT,
  `name` varchar(255) COLLATE utf8mb4_unicode_ci DEFAULT NULL,
  `description` longtext COLLATE utf8mb4_unicode_ci DEFAULT NULL,
  `slug` varchar(255) COLLATE utf8mb4_unicode_ci DEFAULT NULL,
  `created_at` timestamp NULL DEFAULT NULL,
  `updated_at` timestamp NULL DEFAULT NULL,
  `deleted_at` timestamp NULL DEFAULT NULL,
  `category_id` int(10) unsigned DEFAULT NULL,
  PRIMARY KEY (`id`),
  UNIQUE KEY `product_categories_slug_unique` (`slug`),
  KEY `category_fk_1396947` (`category_id`),
  CONSTRAINT `category_fk_1396947` FOREIGN KEY (`category_id`) REFERENCES `product_categories` (`id`)
) ENGINE=InnoDB AUTO_INCREMENT=164 DEFAULT CHARSET=utf8mb4 COLLATE=utf8mb4_unicode_ci;

-- Dumping data for table l7-multi-level-categories.product_categories: ~162 rows (approximately)
/*!40000 ALTER TABLE `product_categories` DISABLE KEYS */;
INSERT INTO `product_categories` (`id`, `name`, `description`, `slug`, `created_at`, `updated_at`, `deleted_at`, `category_id`) VALUES
	(1, 'Dolorum', 'Officia sed at quos quod. Inventore dolores fugiat dicta reprehenderit.', 'dolorum', '2020-05-14 06:52:10', '2020-07-30 09:05:31', NULL, NULL),
	(2, 'Maxime eum.', 'Ratione non laudantium ut dolorem quis est. Architecto sed eaque aut unde aut non dolorem. Quisquam autem qui quae dignissimos sapiente est. Dolorem in perferendis hic repellendus officia.', 'maxime-eum', '2020-05-14 06:52:10', '2020-07-30 09:05:31', NULL, 1),
	(3, 'Consequatur aliquid eius nulla.', 'Mollitia fugiat sequi eaque debitis qui eligendi. Sint est dolorem consequuntur et. Assumenda architecto dolore inventore rerum ut aut suscipit. Provident id et sit quidem.', 'consequatur-aliquid-eius-nulla', '2020-05-14 06:52:10', '2020-07-30 09:05:31', NULL, 2),
	(4, 'Sit in.', 'Iusto rerum quia sapiente eligendi minima similique deleniti corrupti. Molestias itaque veritatis et voluptas.', 'sit-in', '2020-05-14 06:52:10', '2020-07-30 09:05:31', NULL, 2),
	(5, 'Ut et nostrum.', 'Ipsum fugit autem earum fugiat voluptas provident dolore a. Voluptatem perferendis aliquam expedita omnis officia facilis velit. Dolores in est itaque laudantium aut.', 'ut-et-nostrum', '2020-05-14 06:52:10', '2020-07-30 09:05:31', NULL, 2),
	(6, 'Possimus quae accusantium laboriosam et.', 'Corrupti qui architecto rerum quisquam dignissimos. Cum iure quisquam non occaecati est. Sit ad eligendi consequatur ea. Eos deleniti iusto nesciunt cupiditate.', 'possimus-quae-accusantium-laboriosam-et', '2020-05-14 06:52:10', '2020-07-30 09:05:31', NULL, 2),
	(7, 'Veritatis autem.', 'Molestiae omnis molestiae non iste facilis est mollitia. At dolore explicabo quae et.', 'veritatis-autem', '2020-05-14 06:52:10', '2020-07-30 09:05:31', NULL, 2),
	(8, 'Laboriosam enim eaque.', 'At sunt nam sit natus et. Iste assumenda magni omnis voluptatum odio nulla est. Ea quas incidunt sunt aut suscipit.', 'laboriosam-enim-eaque', '2020-05-14 06:52:10', '2020-07-30 09:05:31', NULL, 1),
	(9, 'Eveniet porro veniam.', 'Earum ullam quo aut cupiditate veniam quam totam culpa. Cupiditate voluptas laudantium quod id magni. Quisquam adipisci illum iste ut molestiae. Voluptatum illo expedita qui eius reprehenderit distinctio provident.', 'eveniet-porro-veniam', '2020-05-14 06:52:10', '2020-07-30 09:05:31', NULL, 8),
	(10, 'Itaque deserunt placeat cupiditate ut.', 'Aut vel quia laudantium iusto. Quis esse id vel eos aut. Iusto velit ullam nihil ut.', 'itaque-deserunt-placeat-cupiditate-ut', '2020-05-14 06:52:10', '2020-07-30 09:05:31', NULL, 8),
	(11, 'Occaecati et nisi aut.', 'Rerum tempore totam saepe earum eligendi. Omnis nisi enim aspernatur perferendis ad.', 'occaecati-et-nisi-aut', '2020-05-14 06:52:10', '2020-07-30 09:05:31', NULL, 8),
	(12, 'Sint ut eum omnis.', 'Inventore sit unde nobis distinctio et. Magni cupiditate non rem id.', 'sint-ut-eum-omnis', '2020-05-14 06:52:10', '2020-07-30 09:05:31', NULL, 8),
	(13, 'Cum ea suscipit beatae.', 'Voluptatem laboriosam est voluptatem quas nihil et blanditiis error. Commodi provident et aut ipsam enim aut repellat aliquam. Vel recusandae odio dolor et illo quas qui.', 'cum-ea-suscipit-beatae', '2020-05-14 06:52:10', '2020-07-30 09:05:31', NULL, 8),
	(14, 'Et minima.', 'Quisquam hic quo iusto neque perferendis debitis totam ut. Provident et provident libero voluptatem autem qui.', 'et-minima', '2020-05-14 06:52:10', '2020-07-30 09:05:31', NULL, 1),
	(15, 'Repellat quis rerum.', 'Omnis recusandae unde et modi quo voluptatem. Rerum dolorum nisi cumque et reprehenderit officia sint dolorem. Mollitia voluptas ullam veniam ratione ut autem vel.', 'repellat-quis-rerum', '2020-05-14 06:52:10', '2020-07-30 09:05:31', NULL, 14),
	(16, 'Dolores et dolore minima dolor.', 'Autem aliquid delectus deleniti non. Qui qui laboriosam impedit fugiat. Molestiae rerum sapiente consequatur eaque. Minima quia rerum ut incidunt.', 'dolores-et-dolore-minima-dolor', '2020-05-14 06:52:10', '2020-07-30 09:05:31', NULL, 14),
	(17, 'Amet fuga exercitationem ut voluptatum.', 'Ducimus consequatur nulla nam omnis vitae dolorem. Id possimus ut soluta dolorem. Assumenda nesciunt beatae sed et porro ullam quidem. Veniam sed doloremque quia facilis laborum odit et.', 'amet-fuga-exercitationem-ut-voluptatum', '2020-05-14 06:52:10', '2020-07-30 09:05:31', NULL, 14),
	(18, 'Impedit quasi omnis.', 'Velit pariatur accusamus qui. Ea quod quis in vero nihil nihil. Labore ab autem necessitatibus voluptatem consequatur. Quae qui est quae consequatur occaecati doloribus et.', 'impedit-quasi-omnis', '2020-05-14 06:52:10', '2020-07-30 09:05:31', NULL, 14),
	(19, 'Sit praesentium iure.', 'Accusamus id qui sit vel excepturi. Incidunt ut odio non vel dignissimos. Accusantium optio sunt aut laboriosam autem qui eius repellendus. Et ipsam nisi omnis eum distinctio molestiae.', 'sit-praesentium-iure', '2020-05-14 06:52:10', '2020-07-30 09:05:31', NULL, 14),
	(20, 'Eveniet dolorum.', 'Eum labore iusto similique sunt magni ea aut at. In iusto dignissimos itaque fuga magni. Earum sint quia amet consequuntur dolores est voluptas consequatur. Necessitatibus sit soluta voluptatibus eaque ut dignissimos sed.', 'eveniet-dolorum', '2020-05-14 06:52:10', '2020-07-30 09:05:31', NULL, 1),
	(21, 'Perferendis debitis ut nisi.', 'Labore maxime corporis earum veniam optio magni eligendi. Aut pariatur et qui. Consequuntur qui deleniti repellendus aut nisi repellendus voluptatum. Voluptatem in deleniti et ut aliquam eum.', 'perferendis-debitis-ut-nisi', '2020-05-14 06:52:10', '2020-07-30 09:05:31', NULL, 20),
	(22, 'Repellat rerum quia ducimus.', 'Et error quia quo repellendus autem laborum. Itaque similique magni optio quo ab. Fugiat recusandae corrupti aut nihil quisquam rerum voluptatem.', 'repellat-rerum-quia-ducimus', '2020-05-14 06:52:10', '2020-07-30 09:05:31', NULL, 20),
	(23, 'Voluptates debitis ad.', 'Voluptatem qui modi nihil quaerat id. Voluptatibus asperiores ipsum vitae voluptatem esse eveniet eum. Soluta vitae minima pariatur est libero nobis. Quas molestias itaque a ab temporibus sit ex ut.', 'voluptates-debitis-ad', '2020-05-14 06:52:10', '2020-07-30 09:05:31', NULL, 20),
	(24, 'Aliquid qui reprehenderit illo omnis.', 'Aspernatur quisquam suscipit blanditiis itaque alias. Ut at maxime deleniti voluptatibus neque. Optio dignissimos dolorem molestiae sit consectetur id ut.', 'aliquid-qui-reprehenderit-illo-omnis', '2020-05-14 06:52:10', '2020-07-30 09:05:31', NULL, 20),
	(25, 'Cum beatae ut.', 'Ut ut quo modi laudantium quas expedita. Pariatur quisquam et nisi et explicabo qui. In reiciendis maiores qui architecto.', 'cum-beatae-ut', '2020-05-14 06:52:10', '2020-07-30 09:05:31', NULL, 20),
	(26, 'Quo perferendis.', 'Similique debitis est quo magnam laborum harum nihil. Exercitationem est doloribus tempora maiores. Nihil facilis exercitationem voluptates. Iure odio aspernatur ea porro deserunt et.', 'quo-perferendis', '2020-05-14 06:52:10', '2020-07-30 09:05:31', NULL, 1),
	(27, 'Consequuntur distinctio dicta repudiandae commodi.', 'Accusamus facilis nihil qui autem deleniti distinctio iste esse. Voluptas aspernatur perspiciatis iusto maiores nisi.', 'consequuntur-distinctio-dicta-repudiandae-commodi', '2020-05-14 06:52:10', '2020-07-30 09:05:31', NULL, 26),
	(28, 'Delectus perferendis ipsum.', 'Nemo commodi cum repudiandae ipsam eum autem. Nihil voluptatibus numquam ex consequatur. Neque qui vitae vel aut dolorem esse.', 'delectus-perferendis-ipsum', '2020-05-14 06:52:10', '2020-07-30 09:05:31', NULL, 26),
	(29, 'Odit sunt rerum.', 'Nemo consectetur nam explicabo quis tempore facilis. Reiciendis sed nisi non provident illum corrupti. Ipsum quae et reprehenderit sit cum reprehenderit rerum qui. Illum quis hic expedita laborum dolorum placeat repellat.', 'odit-sunt-rerum', '2020-05-14 06:52:10', '2020-07-30 09:05:31', NULL, 26),
	(30, 'Vitae iste eos.', 'Saepe explicabo consequuntur suscipit tempora autem natus dignissimos. Accusamus dolor reprehenderit ipsa optio quaerat. Eum sed qui qui culpa. Totam accusantium voluptas sed et.', 'vitae-iste-eos', '2020-05-14 06:52:10', '2020-07-30 09:05:31', NULL, 26),
	(31, 'Doloribus facere tempore.', 'Sit magnam dolores in ut praesentium doloremque sequi nihil. Non corrupti iure eligendi qui ad odio sit molestias. Iusto corrupti id excepturi omnis amet error laborum.', 'doloribus-facere-tempore', '2020-05-14 06:52:10', '2020-07-30 09:05:31', NULL, 26),
	(32, 'Velit', 'Et voluptatum quae neque culpa quos sint rem. Dolore animi assumenda quis culpa dolores ut. Omnis eos odio ratione quae qui.', 'velit', '2020-05-14 06:52:10', '2020-07-30 09:05:31', NULL, NULL),
	(33, 'Sed totam.', 'Et nemo eius totam mollitia est et. Eaque quibusdam neque aut maiores sint tempora. Perspiciatis debitis quisquam cupiditate dignissimos blanditiis eum sit. Fugit laudantium deserunt provident.', 'sed-totam', '2020-05-14 06:52:10', '2020-07-30 09:05:31', NULL, 32),
	(34, 'Sed est sed eum.', 'Quis optio soluta impedit autem. Provident dolor vero ex quis consectetur accusamus. Vitae similique hic distinctio eveniet id quos dolorem.', 'sed-est-sed-eum', '2020-05-14 06:52:10', '2020-07-30 09:05:31', NULL, 33),
	(35, 'Aut praesentium.', 'Nam ex vel et quisquam aut voluptas nam. Quasi nulla suscipit architecto atque exercitationem molestias quisquam vitae.', 'aut-praesentium', '2020-05-14 06:52:10', '2020-07-30 09:05:31', NULL, 33),
	(36, 'Quo reprehenderit nihil dolore.', 'Maiores nostrum itaque incidunt dolor doloribus quidem eveniet. Harum nobis omnis blanditiis dolor rerum cum dolorem. Modi voluptas dolorum odit aliquam quidem placeat. Placeat omnis exercitationem et nisi minima adipisci dolores et.', 'quo-reprehenderit-nihil-dolore', '2020-05-14 06:52:10', '2020-07-30 09:05:31', NULL, 33),
	(37, 'Commodi fugit sapiente.', 'Autem consectetur maxime odio eligendi praesentium iusto. Debitis autem quam quas iste qui consequatur saepe. Est assumenda rerum at in consequatur.', 'commodi-fugit-sapiente', '2020-05-14 06:52:10', '2020-07-30 09:05:31', NULL, 33),
	(38, 'Sint sit aut.', 'Perferendis sunt quod iste. Voluptas qui quia impedit fugit.', 'sint-sit-aut', '2020-05-14 06:52:10', '2020-07-30 09:05:31', NULL, 33),
	(39, 'Corrupti exercitationem.', 'Eius quia totam modi laboriosam corrupti. Molestiae libero tenetur ex cum et est facere. Veniam odit ut distinctio et iure magni earum. Et inventore quo molestiae culpa accusamus iusto sapiente.', 'corrupti-exercitationem', '2020-05-14 06:52:10', '2020-07-30 09:05:31', NULL, 32),
	(40, 'Beatae voluptas.', 'Quia fuga magni deleniti non omnis qui. Laudantium aperiam minus velit. Tempore rerum ipsam distinctio eligendi consequatur sequi. Blanditiis minima harum ullam ducimus. Quas provident maiores vel.', 'beatae-voluptas', '2020-05-14 06:52:10', '2020-07-30 09:05:31', NULL, 39),
	(41, 'A voluptas ut.', 'Quod deleniti omnis est ratione cumque nihil. Est doloremque doloribus odit sed minus sit. Aut qui ex et ratione. Saepe ut fugit reprehenderit.', 'a-voluptas-ut', '2020-05-14 06:52:10', '2020-07-30 09:05:31', NULL, 39),
	(42, 'Exercitationem earum cupiditate iusto.', 'Sed ipsam aliquam nisi totam ut aut qui. Libero voluptas vel quam. Iure vitae quis vel necessitatibus nesciunt. Distinctio et minus molestiae.', 'exercitationem-earum-cupiditate-iusto', '2020-05-14 06:52:10', '2020-07-30 09:05:31', NULL, 39),
	(43, 'Beatae esse.', 'Tempore qui consequatur perferendis pariatur. Officia quae delectus nostrum sit. Aperiam aut molestiae vero voluptatum quos sapiente. Quos aut explicabo sit porro rem.', 'beatae-esse', '2020-05-14 06:52:10', '2020-07-30 09:05:31', NULL, 39),
	(44, 'Reprehenderit aut omnis totam vel.', 'Maxime aliquid consequatur vel accusamus quia asperiores. Rerum fugit voluptatibus dolor delectus est earum. Ducimus nulla dolores dolor. Autem hic est dignissimos temporibus hic et perferendis.', 'reprehenderit-aut-omnis-totam-vel', '2020-05-14 06:52:10', '2020-07-30 09:05:31', NULL, 39),
	(45, 'Sapiente dicta.', 'Voluptas et nostrum enim et molestias. Qui libero sint voluptate mollitia sapiente. Ut est odit ipsum et provident.', 'sapiente-dicta', '2020-05-14 06:52:10', '2020-07-30 09:05:31', NULL, 32),
	(46, 'Quia nihil laudantium id.', 'Qui qui earum ab magnam. Suscipit dolor ea sint laborum quia iste. Voluptas sed qui nesciunt quis.', 'quia-nihil-laudantium-id', '2020-05-14 06:52:10', '2020-07-30 09:05:31', NULL, 45),
	(47, 'Ut enim rerum.', 'Molestiae est debitis voluptates nihil consectetur. Accusamus odit neque voluptatem. Quibusdam ut voluptatem est. Sunt magni rerum veritatis.', 'ut-enim-rerum', '2020-05-14 06:52:10', '2020-07-30 09:05:31', NULL, 45),
	(48, 'Cum repudiandae assumenda necessitatibus.', 'Impedit minima quibusdam quidem. Officia voluptatem magni fuga cupiditate. Minima rerum sapiente laboriosam et. Provident dicta sint non esse esse.', 'cum-repudiandae-assumenda-necessitatibus', '2020-05-14 06:52:10', '2020-07-30 09:05:31', NULL, 45),
	(49, 'Velit molestiae odio.', 'Nihil animi omnis vero magni perferendis culpa. Excepturi et suscipit est voluptas autem similique delectus. Delectus similique quis et quia voluptatem aut ipsum.', 'velit-molestiae-odio', '2020-05-14 06:52:10', '2020-07-30 09:05:31', NULL, 45),
	(50, 'Nesciunt nihil exercitationem.', 'Soluta deserunt provident cum ut. A consequatur deleniti laboriosam ipsam optio itaque. Ratione eaque omnis et. Quae iste eius excepturi.', 'nesciunt-nihil-exercitationem', '2020-05-14 06:52:10', '2020-07-30 09:05:31', NULL, 45),
	(51, 'Amet eos quisquam.', 'Aliquid rerum voluptas facere. Nesciunt dolore cupiditate rerum est quia ut. Rerum odio perspiciatis eligendi.', 'amet-eos-quisquam', '2020-05-14 06:52:10', '2020-07-30 09:05:31', NULL, 32),
	(52, 'Aut ipsam eum.', 'Omnis deleniti dolor cum odit ut perferendis sed est. Blanditiis et aut quis odit id enim. Omnis exercitationem sequi id odio. Ipsam mollitia corrupti voluptates.', 'aut-ipsam-eum', '2020-05-14 06:52:10', '2020-07-30 09:05:31', NULL, 51),
	(53, 'Soluta est dolorum.', 'Sapiente facere qui ex autem vero deserunt. Magni voluptas aliquam est sunt possimus in eos. Est voluptatem dolorum in sint sint alias nihil. Placeat cumque ducimus vel excepturi.', 'soluta-est-dolorum', '2020-05-14 06:52:10', '2020-07-30 09:05:31', NULL, 51),
	(54, 'Quae voluptatem optio et.', 'Et odit consequatur quam doloremque. Quibusdam perspiciatis aut omnis deleniti et enim et. Corrupti cum ipsam dolores quis magni. Amet dolores ut vel soluta nihil dolor corporis.', 'quae-voluptatem-optio-et', '2020-05-14 06:52:10', '2020-07-30 09:05:31', NULL, 51),
	(55, 'Voluptas occaecati excepturi.', 'Quam blanditiis maxime sequi ut ipsum. Consequuntur commodi facere aliquid vero velit fugit. Rerum aut expedita rem.', 'voluptas-occaecati-excepturi', '2020-05-14 06:52:10', '2020-07-30 09:05:31', NULL, 51),
	(56, 'Consequatur et tenetur eum.', 'Asperiores consequuntur provident alias explicabo. Ullam eum inventore vero et autem. Consequatur fugiat sed quia.', 'consequatur-et-tenetur-eum', '2020-05-14 06:52:10', '2020-07-30 09:05:31', NULL, 51),
	(57, 'Ducimus est aut.', 'Ad quis qui at debitis voluptatum quibusdam quia porro. Vitae similique cupiditate ut sunt accusantium sequi tempora ullam. Deleniti voluptatem quia quas sunt et est quis. Sunt in vel recusandae perspiciatis est.', 'ducimus-est-aut', '2020-05-14 06:52:10', '2020-07-30 09:05:31', NULL, 32),
	(58, 'Laboriosam facere excepturi necessitatibus.', 'Provident amet dignissimos facere vitae doloribus. Molestiae consequatur et magnam velit. Molestiae modi explicabo perferendis et quasi debitis.', 'laboriosam-facere-excepturi-necessitatibus', '2020-05-14 06:52:10', '2020-07-30 09:05:31', NULL, 57),
	(59, 'Nihil officiis quas ea quia.', 'Id fugit et ut est est nihil in. Et sit omnis sequi tenetur quod. Dolore fuga nemo est qui qui libero.', 'nihil-officiis-quas-ea-quia', '2020-05-14 06:52:10', '2020-07-30 09:05:31', NULL, 57),
	(60, 'Asperiores est debitis.', 'Incidunt quis aperiam temporibus repudiandae. Aut nulla animi accusamus eaque dolore maxime. Ad explicabo ratione repellendus minima. Odit est a et praesentium dolorum expedita incidunt. Qui nisi aspernatur beatae magnam sit magnam.', 'asperiores-est-debitis', '2020-05-14 06:52:10', '2020-07-30 09:05:31', NULL, 57),
	(61, 'Nisi voluptatem qui placeat.', 'Suscipit culpa odit quisquam libero nesciunt eum. Et id et magni asperiores alias est voluptate. Facilis quae corrupti repudiandae neque vitae amet similique.', 'nisi-voluptatem-qui-placeat', '2020-05-14 06:52:10', '2020-07-30 09:05:31', NULL, 57),
	(62, 'Repellendus harum distinctio.', 'Laborum tempora unde earum eligendi. Fugiat sit optio voluptatem dolorum praesentium deleniti sed optio. Porro autem hic maxime consequuntur reprehenderit voluptatem ipsa. Aut ipsam sit asperiores quod deserunt.', 'repellendus-harum-distinctio', '2020-05-14 06:52:10', '2020-07-30 09:05:31', NULL, 57),
	(63, 'Magni', 'Fuga dolorum facilis aut ut ullam quia quaerat. Et sit a maxime quibusdam repellendus sequi. Iste reprehenderit quas sit qui incidunt fuga ut aperiam. Eius expedita hic eos aut repellendus facilis voluptatem asperiores.', 'magni', '2020-05-14 06:52:10', '2020-07-30 09:05:31', NULL, NULL),
	(64, 'Magnam vero blanditiis.', 'Quia hic ab et dolorum sapiente perspiciatis voluptatem. Quia sunt suscipit mollitia sapiente minima. Laborum voluptas suscipit soluta quaerat ullam eos enim. Sint nam corporis ratione sed.', 'magnam-vero-blanditiis', '2020-05-14 06:52:10', '2020-07-30 09:05:31', NULL, 63),
	(65, 'Quia consequuntur consectetur.', 'Sint laborum omnis cumque odio sit aut. Omnis sunt hic animi provident voluptas quidem neque. Doloremque eum sapiente nisi officiis nihil nisi. Recusandae repudiandae qui quod ut ratione quia.', 'quia-consequuntur-consectetur', '2020-05-14 06:52:10', '2020-07-30 09:05:31', NULL, 64),
	(66, 'Nemo quis quis ut.', 'Reprehenderit quia ut perspiciatis illum. Consectetur aliquam et est ipsam. Ea at dolorum delectus consequatur. Eligendi vel dolor veniam numquam voluptate.', 'nemo-quis-quis-ut', '2020-05-14 06:52:10', '2020-07-30 09:05:31', NULL, 64),
	(67, 'Officiis maiores et ut.', 'Doloribus eius dicta cumque et minus est numquam debitis. Aperiam quia dolorem animi ea error voluptatibus accusamus. Est voluptatem porro officiis molestias voluptates.', 'officiis-maiores-et-ut', '2020-05-14 06:52:10', '2020-07-30 09:05:31', NULL, 64),
	(68, 'Et impedit.', 'Tempore saepe vero voluptates praesentium voluptas est. Nisi sed atque numquam est enim. Iusto ab itaque placeat sunt. Dolor explicabo consequatur dolores atque.', 'et-impedit', '2020-05-14 06:52:10', '2020-07-30 09:05:31', NULL, 64),
	(69, 'Voluptates numquam.', 'Voluptates reprehenderit illo quia sit temporibus molestiae deleniti qui. Possimus magnam est debitis nulla debitis aut. Quos esse sed omnis cumque aut.', 'voluptates-numquam', '2020-05-14 06:52:10', '2020-07-30 09:05:31', NULL, 64),
	(70, 'Expedita consequuntur tenetur.', 'Quia enim quos qui quas. Non necessitatibus exercitationem accusantium saepe. Non incidunt ratione porro aspernatur quo quo excepturi quaerat. Doloribus quo temporibus eos molestiae qui id cumque.', 'expedita-consequuntur-tenetur', '2020-05-14 06:52:10', '2020-07-30 09:05:31', NULL, 63),
	(71, 'Quo sed dignissimos omnis.', 'Cupiditate nihil esse libero qui earum nesciunt. Rerum ea sunt tenetur adipisci veniam. Possimus et magnam velit quis quidem.', 'quo-sed-dignissimos-omnis', '2020-05-14 06:52:10', '2020-07-30 09:05:31', NULL, 70),
	(72, 'Voluptates quidem sed.', 'Quae et voluptatem accusantium et dolorum sunt. Velit qui dolores harum qui omnis alias. Libero et sit a numquam et voluptate modi. Consequatur sit libero unde et quia ea.', 'voluptates-quidem-sed', '2020-05-14 06:52:10', '2020-07-30 09:05:31', NULL, 70),
	(73, 'Vitae est eum pariatur.', 'Ratione voluptate laboriosam facilis. Et est amet qui reprehenderit repudiandae quisquam.', 'vitae-est-eum-pariatur', '2020-05-14 06:52:10', '2020-07-30 09:05:31', NULL, 70),
	(74, 'Sed dolore.', 'Molestiae cum id alias sint nihil beatae laboriosam. Error rerum officiis vel sint. Ut veniam doloribus sunt asperiores earum.', 'sed-dolore', '2020-05-14 06:52:10', '2020-07-30 09:05:31', NULL, 70),
	(75, 'Eos mollitia tenetur ut.', 'Omnis tempora cumque ut laboriosam quibusdam qui consequatur. Aliquam et laboriosam laborum quam distinctio saepe. Minus illum autem vero voluptatem dolores ea ad. Consequatur neque quo et aut est est perspiciatis.', 'eos-mollitia-tenetur-ut', '2020-05-14 06:52:10', '2020-07-30 09:05:31', NULL, 70),
	(76, 'Ullam repudiandae.', 'Ut autem qui illum nihil modi. Officia beatae sit adipisci sit. Tenetur culpa tenetur et voluptatem consequatur officia.', 'ullam-repudiandae', '2020-05-14 06:52:10', '2020-07-30 09:05:31', NULL, 63),
	(77, 'Itaque deleniti.', 'Libero consequatur quam iusto molestias a aperiam dolorem inventore. Ea occaecati quo sed laboriosam est qui vero. Modi accusamus nihil cupiditate ut maxime enim quis. Sit enim impedit aliquid rerum aut aut.', 'itaque-deleniti', '2020-05-14 06:52:11', '2020-07-30 09:05:31', NULL, 76),
	(78, 'Natus consequuntur mollitia.', 'Ut qui temporibus est rem iste. Autem qui esse fugiat aliquam. Odit qui quo qui voluptatem.', 'natus-consequuntur-mollitia', '2020-05-14 06:52:11', '2020-07-30 09:05:31', NULL, 76),
	(79, 'Distinctio occaecati laborum reiciendis possimus.', 'Velit omnis iure labore praesentium quia et corporis. Dolores saepe voluptas id. Esse omnis dolorem quas cum pariatur exercitationem. Qui molestias sequi ratione quo. Totam voluptatem magni sint accusantium assumenda eaque et.', 'distinctio-occaecati-laborum-reiciendis-possimus', '2020-05-14 06:52:11', '2020-07-30 09:05:31', NULL, 76),
	(80, 'Et voluptas numquam.', 'Itaque nihil quibusdam aliquam maxime natus. Velit quis earum veritatis aut. Debitis non quia eum distinctio laudantium eos.', 'et-voluptas-numquam', '2020-05-14 06:52:11', '2020-07-30 09:05:31', NULL, 76),
	(81, 'In placeat atque modi.', 'Quidem et sit dolorem veritatis sequi molestiae. Eius quod cumque odit sed et blanditiis quos. Aliquam et iste aperiam expedita et dolorum perferendis provident. Deserunt ut vel provident sit.', 'in-placeat-atque-modi', '2020-05-14 06:52:11', '2020-07-30 09:05:31', NULL, 76),
	(82, 'Neque tenetur nihil.', 'Expedita voluptatibus exercitationem rem quibusdam omnis natus dolorem. Eaque quae sit omnis consequuntur ipsum. Modi facilis aut cupiditate et qui et omnis.', 'neque-tenetur-nihil', '2020-05-14 06:52:11', '2020-07-30 09:05:31', NULL, 63),
	(83, 'Sunt velit consequatur rem officiis.', 'Dolores dignissimos dolorem similique. Praesentium alias ut qui placeat. Magni aut sunt nulla temporibus repellendus ipsum aut vero. Dignissimos molestiae culpa vel eaque quae ipsa. Rerum ipsa dolores alias aut voluptatibus.', 'sunt-velit-consequatur-rem-officiis', '2020-05-14 06:52:11', '2020-07-30 09:05:31', NULL, 82),
	(84, 'Explicabo praesentium at.', 'Excepturi ut ab unde accusamus dolorem. Consequatur voluptatem rerum velit quo dolores aut. Rem voluptatem commodi laboriosam numquam itaque maiores.', 'explicabo-praesentium-at', '2020-05-14 06:52:11', '2020-07-30 09:05:31', NULL, 82),
	(85, 'Iusto quia nihil reprehenderit.', 'Qui non consequatur dolore magni numquam nesciunt. Voluptate iste eos sequi voluptatem dicta. Blanditiis sed ut molestiae. Cum ullam quia deserunt. Sit alias repellendus nulla blanditiis occaecati in excepturi.', 'iusto-quia-nihil-reprehenderit', '2020-05-14 06:52:11', '2020-07-30 09:05:31', NULL, 82),
	(86, 'Vel ea dolore.', 'Voluptates recusandae sunt repellendus ut nisi distinctio. Doloremque nobis tempore sed amet et nobis quam. Rerum molestiae corporis expedita eveniet eum.', 'vel-ea-dolore', '2020-05-14 06:52:11', '2020-07-30 09:05:31', NULL, 82),
	(87, 'Quo aut qui.', 'Nihil voluptatem consequatur ab rerum fuga mollitia. In qui sed eum aut corrupti eveniet. Dolorem voluptatem ipsam error a eos quia laudantium. Asperiores ut omnis dolorum natus consequuntur velit voluptate. Fuga dolore doloremque at eos voluptatibus dolorem ut.', 'quo-aut-qui', '2020-05-14 06:52:11', '2020-07-30 09:05:31', NULL, 82),
	(88, 'Quidem accusantium.', 'Aut aut et perspiciatis neque. Dolorem totam esse sint enim mollitia doloribus. Provident qui eveniet veritatis sint autem velit et minima. A aut ipsum pariatur aperiam dolor fugiat voluptas et.', 'quidem-accusantium', '2020-05-14 06:52:11', '2020-07-30 09:05:31', NULL, 63),
	(89, 'Fugit et veritatis.', 'Accusantium at iusto repudiandae qui. Ut dolore vero praesentium natus sunt. Quasi est quo impedit autem. Quia quia accusantium consequatur aspernatur dolores itaque officiis.', 'fugit-et-veritatis', '2020-05-14 06:52:11', '2020-07-30 09:05:31', NULL, 88),
	(90, 'Fugit earum adipisci.', 'Accusamus at velit aut saepe id. Fuga sit ut odio qui totam animi dolorum. Enim molestiae rerum iste ad. Consectetur dolorem sunt officia a voluptatem pariatur.', 'fugit-earum-adipisci', '2020-05-14 06:52:11', '2020-07-30 09:05:31', NULL, 88),
	(91, 'Ipsam ab.', 'Aperiam non delectus alias ut. Et facilis repudiandae placeat veritatis ex in iure. Nihil quia perferendis vero eveniet quisquam iste et.', 'ipsam-ab', '2020-05-14 06:52:11', '2020-07-30 09:05:31', NULL, 88),
	(92, 'Sit qui dicta vero ut.', 'Adipisci doloremque et et rerum quae deserunt beatae. Quisquam odio incidunt molestiae nulla. Odio voluptas enim aut est vel praesentium consequuntur.', 'sit-qui-dicta-vero-ut', '2020-05-14 06:52:11', '2020-07-30 09:05:31', NULL, 88),
	(93, 'Vel fugit.', 'Quidem voluptas impedit id vitae impedit. Iure suscipit enim aliquid est sunt asperiores ut. At voluptatem perspiciatis eum qui eos quas. Et debitis ab explicabo voluptatem eius.', 'vel-fugit', '2020-05-14 06:52:11', '2020-07-30 09:05:31', NULL, 88),
	(94, 'Nihil', 'Possimus veritatis sit ipsam illum nostrum nisi. Sunt amet veniam ullam doloribus qui. Ullam laboriosam aliquam soluta et.', 'nihil', '2020-05-14 06:52:11', '2020-07-30 09:05:31', NULL, NULL),
	(95, 'Iure dolorem.', 'Veniam cum laudantium esse ea eveniet hic ducimus quia. Quas nostrum vero voluptatem id et assumenda. Tempore veritatis ut et voluptates et pariatur. Quis amet facere facere atque nobis inventore natus. Sapiente perspiciatis expedita optio iste incidunt nam itaque.', 'iure-dolorem', '2020-05-14 06:52:11', '2020-07-30 09:05:31', NULL, 94),
	(96, 'Repellat voluptatibus aliquid.', 'Qui sit corrupti consequuntur qui. Dolorum est voluptas repudiandae voluptates iusto est. Sed iure architecto laboriosam fugiat. Ullam unde cumque suscipit quis.', 'repellat-voluptatibus-aliquid', '2020-05-14 06:52:11', '2020-07-30 09:05:31', NULL, 95),
	(97, 'Dolorem sed nam vel.', 'Ex esse iure impedit omnis hic deleniti. Maiores sit doloribus modi. Iure et similique qui sapiente. Laudantium eveniet fugit quo ab incidunt numquam ipsam. Delectus et velit et consequatur.', 'dolorem-sed-nam-vel', '2020-05-14 06:52:11', '2020-07-30 09:05:31', NULL, 95),
	(98, 'Autem veniam et.', 'Autem aliquid libero eos quos illum odit. Quidem aut amet voluptatibus. Perspiciatis dicta adipisci a distinctio voluptas rerum. Temporibus ut suscipit aut incidunt et aut.', 'autem-veniam-et', '2020-05-14 06:52:11', '2020-07-30 09:05:31', NULL, 95),
	(99, 'Sit ipsam quia facilis.', 'Aspernatur provident consequatur temporibus rem. Dolorem molestiae voluptatem quidem nostrum. Quam inventore itaque at quasi nostrum odit. Voluptas praesentium ut sapiente facere occaecati alias.', 'sit-ipsam-quia-facilis', '2020-05-14 06:52:11', '2020-07-30 09:05:31', NULL, 95),
	(100, 'Dolor nam sit.', 'Voluptate id non eum quia culpa qui dolorum. Possimus qui architecto exercitationem consectetur voluptatum. Omnis vero eum harum assumenda et repellat. Non quo saepe libero quam.', 'dolor-nam-sit', '2020-05-14 06:52:11', '2020-07-30 09:05:31', NULL, 95),
	(101, 'Eveniet quis aliquid.', 'Nesciunt labore quia illo voluptas. Voluptate a vero ut dolore non. Nihil quis vitae ipsum explicabo.', 'eveniet-quis-aliquid', '2020-05-14 06:52:11', '2020-07-30 09:05:31', NULL, 94),
	(102, 'Voluptatum molestiae natus.', 'Corporis dolores aliquid ex et adipisci aperiam molestiae. Et et et et similique. Inventore sed molestiae consequatur molestias ut incidunt dicta.', 'voluptatum-molestiae-natus', '2020-05-14 06:52:11', '2020-07-30 09:05:31', NULL, 101),
	(103, 'Culpa voluptatem voluptas ut.', 'Ipsam sunt soluta tempore ut iure ut ipsa. Consequatur sed unde soluta atque. Est unde sint doloremque et sed vitae.', 'culpa-voluptatem-voluptas-ut', '2020-05-14 06:52:11', '2020-07-30 09:05:31', NULL, 101),
	(104, 'Nemo quibusdam repudiandae.', 'Quo vero vel nihil architecto doloremque ut quis. Ullam officiis quasi nisi. Aspernatur consectetur fuga numquam nemo totam praesentium ut.', 'nemo-quibusdam-repudiandae', '2020-05-14 06:52:11', '2020-07-30 09:05:31', NULL, 101),
	(105, 'Ad beatae dolorem hic.', 'Qui minus ea et possimus tempore enim. Non reprehenderit omnis officia consequuntur illum officia iure exercitationem. Vero voluptatem aspernatur tenetur rem. Illo minima ullam voluptate similique eum delectus commodi.', 'ad-beatae-dolorem-hic', '2020-05-14 06:52:11', '2020-07-30 09:05:31', NULL, 101),
	(106, 'Magnam nulla at quia.', 'Autem sapiente magnam voluptate libero alias vero ut. Et eum accusantium est. Consectetur repellendus natus non animi esse inventore optio. Eligendi est velit similique quod.', 'magnam-nulla-at-quia', '2020-05-14 06:52:11', '2020-07-30 09:05:31', NULL, 101),
	(107, 'Delectus corrupti.', 'Autem vitae dolor voluptas voluptates excepturi. Possimus repudiandae eaque aspernatur ab qui earum delectus. Mollitia et quia dolorem.', 'delectus-corrupti', '2020-05-14 06:52:11', '2020-07-30 09:05:31', NULL, 94),
	(108, 'Ullam itaque distinctio deserunt alias.', 'Hic ut sunt asperiores hic. Corrupti repudiandae distinctio nobis inventore laborum ipsa corporis ducimus. Blanditiis voluptates quas deserunt ex. Odio harum sequi omnis et delectus voluptatem.', 'ullam-itaque-distinctio-deserunt-alias', '2020-05-14 06:52:11', '2020-07-30 09:05:31', NULL, 107),
	(109, 'Illo voluptatem.', 'Ipsum omnis molestias voluptas dolor itaque. Dolorem beatae magni rerum quia occaecati eum non. Quis et ut et voluptatem et sit. Porro temporibus est rerum ex asperiores recusandae.', 'illo-voluptatem', '2020-05-14 06:52:11', '2020-07-30 09:05:31', NULL, 107),
	(110, 'Et ducimus voluptates voluptatem.', 'Corrupti eos ipsa ex illo. Impedit quis non provident minima inventore voluptas consequatur. Eum pariatur omnis adipisci dolorum. Qui vel eius qui. At ea rerum natus labore sed.', 'et-ducimus-voluptates-voluptatem', '2020-05-14 06:52:11', '2020-07-30 09:05:31', NULL, 107),
	(111, 'Occaecati suscipit aut.', 'Maxime soluta voluptatem optio aut blanditiis est et rem. Autem est modi quaerat. Officia cum veniam enim tempore minima molestiae voluptatibus cupiditate.', 'occaecati-suscipit-aut', '2020-05-14 06:52:11', '2020-07-30 09:05:31', NULL, 107),
	(112, 'Qui laudantium expedita fugit.', 'Dignissimos fugiat enim minus iusto. Voluptates nobis voluptatem placeat.', 'qui-laudantium-expedita-fugit', '2020-05-14 06:52:11', '2020-07-30 09:05:31', NULL, 107),
	(113, 'Sit quia nam.', 'Aspernatur et sit et aut voluptas fugiat omnis magnam. Cupiditate quia dolorem earum voluptatum qui. Et tempora ratione qui neque tenetur. Consequuntur similique magni est asperiores sit sint minus. Eum ut quis delectus sed ut quis blanditiis ducimus.', 'sit-quia-nam', '2020-05-14 06:52:11', '2020-07-30 09:05:31', NULL, 94),
	(114, 'Molestiae et reiciendis nulla.', 'Porro cumque quia praesentium reiciendis sequi rerum qui quo. Ut aut iusto in laudantium rem. Odit neque dicta architecto est.', 'molestiae-et-reiciendis-nulla', '2020-05-14 06:52:11', '2020-07-30 09:05:31', NULL, 113),
	(115, 'A aliquam ipsam quisquam.', 'Illo saepe illum dicta occaecati dignissimos possimus animi. Dolorem quibusdam quos nihil consequatur id est quo.', 'a-aliquam-ipsam-quisquam', '2020-05-14 06:52:11', '2020-07-30 09:05:31', NULL, 113),
	(116, 'Quo fuga ipsam.', 'Nemo iste est iste adipisci est nam. Et repellendus autem soluta incidunt dolores quis.', 'quo-fuga-ipsam', '2020-05-14 06:52:11', '2020-07-30 09:05:31', NULL, 113),
	(117, 'Ea rerum doloribus.', 'Est aut fuga necessitatibus cupiditate voluptatem ad. Pariatur cum quo reprehenderit accusantium. Omnis qui ad fugiat illo soluta autem. Et accusantium ut quia velit et necessitatibus repellat.', 'ea-rerum-doloribus', '2020-05-14 06:52:11', '2020-07-30 09:05:31', NULL, 113),
	(118, 'Sint veritatis nobis.', 'Velit fugit quibusdam ea blanditiis omnis voluptatem. Vel maxime reiciendis iste in qui. Rerum et quisquam qui blanditiis aut ad. Nihil qui natus natus. Laborum sint rem voluptatem culpa aspernatur.', 'sint-veritatis-nobis', '2020-05-14 06:52:11', '2020-07-30 09:05:31', NULL, 113),
	(119, 'Ab et.', 'Voluptatibus excepturi tenetur aut quis consequatur vel totam. In sed ratione rerum id vel numquam voluptate. Omnis consectetur fugiat dolorem doloremque sit pariatur unde. Eos non voluptatem dolorem voluptatem dolores.', 'ab-et', '2020-05-14 06:52:11', '2020-07-30 09:05:31', NULL, 94),
	(120, 'Natus deleniti.', 'Officiis maiores magni aperiam itaque pariatur debitis dolor. Non illo similique modi nobis placeat vel in. Et nemo nesciunt quo id vel voluptas mollitia. Voluptas sint illum libero tenetur in provident illo.', 'natus-deleniti', '2020-05-14 06:52:11', '2020-07-30 09:05:31', NULL, 119),
	(121, 'Id sed ut ea.', 'Ea laborum sapiente velit esse occaecati voluptas aspernatur. Sit ut quia fugit earum dolore. At dolorem magni exercitationem laboriosam. Explicabo beatae voluptates assumenda praesentium.', 'id-sed-ut-ea', '2020-05-14 06:52:11', '2020-07-30 09:05:31', NULL, 119),
	(122, 'Sunt dolorem sit neque.', 'Odio omnis nemo itaque et qui. Itaque molestiae possimus blanditiis. Dolore illo a ea quis. Et delectus numquam accusantium esse eum.', 'sunt-dolorem-sit-neque', '2020-05-14 06:52:11', '2020-07-30 09:05:31', NULL, 119),
	(123, 'Sed quia aut quam.', 'Qui in voluptatibus sit ut. Dolores expedita reiciendis nostrum rerum est iusto qui. Labore laborum omnis veniam et.', 'sed-quia-aut-quam', '2020-05-14 06:52:11', '2020-07-30 09:05:31', NULL, 119),
	(124, 'Adipisci ipsum recusandae sed.', 'Et placeat et veritatis exercitationem laboriosam. Sit nihil est quia qui dicta. Rerum aut a nam nihil. Expedita dolorem est voluptatem.', 'adipisci-ipsum-recusandae-sed', '2020-05-14 06:52:11', '2020-07-30 09:05:31', NULL, 119),
	(125, 'Aut', 'Non optio asperiores quod. Aut est consequatur magni facere. Iusto est sit autem ex.', 'aut', '2020-05-14 06:52:11', '2020-07-30 09:05:31', NULL, NULL),
	(126, 'Nobis et dolores.', 'Consectetur nemo harum porro. Numquam omnis eos ex consectetur ut nesciunt. Facilis eveniet dolores voluptas ut.', 'nobis-et-dolores', '2020-05-14 06:52:11', '2020-07-30 09:05:31', NULL, 125),
	(127, 'Nulla accusamus.', 'Asperiores minus officia nihil nisi ratione sunt. Adipisci molestiae et aut quae. Vel quo aperiam dolorum velit. Aut placeat aperiam molestias labore non labore ut. Saepe quam magni voluptatem mollitia ut nobis sed.', 'nulla-accusamus', '2020-05-14 06:52:11', '2020-07-30 09:05:31', NULL, 126),
	(128, 'Explicabo et eum sunt.', 'Aut ut laudantium ex. Enim velit corporis et quibusdam ratione est harum. Corporis tempore sed rem sequi a. Sed pariatur adipisci officia a nisi.', 'explicabo-et-eum-sunt', '2020-05-14 06:52:11', '2020-07-30 09:05:31', NULL, 126),
	(129, 'Ab animi sunt eum aut.', 'Numquam culpa nesciunt et ut non. Aut harum eveniet voluptas voluptatibus quia sunt facilis eum. Dolor sunt vel rerum consectetur ab id.', 'ab-animi-sunt-eum-aut', '2020-05-14 06:52:11', '2020-07-30 09:05:31', NULL, 126),
	(130, 'Vel optio magnam.', 'Sit aspernatur unde maxime in ut quam commodi. Voluptatibus qui id sint tempore.', 'vel-optio-magnam', '2020-05-14 06:52:11', '2020-07-30 09:05:31', NULL, 126),
	(131, 'Velit ipsa atque nostrum.', 'Error deserunt blanditiis assumenda dolorem sint. Recusandae commodi in et eligendi repellat rerum cum. Quod reprehenderit quia odio. Libero sequi harum alias voluptatibus velit molestiae ratione. Repudiandae voluptatem voluptate a.', 'velit-ipsa-atque-nostrum', '2020-05-14 06:52:11', '2020-07-30 09:05:31', NULL, 126),
	(132, 'Perferendis rerum totam.', 'Laborum quae qui est adipisci. Provident occaecati voluptatem distinctio voluptas quam placeat repudiandae hic. Aut in molestiae sit. Molestiae sint odit quo sunt vitae maiores.', 'perferendis-rerum-totam', '2020-05-14 06:52:11', '2020-07-30 09:05:31', NULL, 125),
	(133, 'Pariatur vel.', 'Vel voluptas voluptate temporibus odio molestiae et maiores consequatur. Dolorem esse sint id aliquid. Enim ut quo dolor soluta ipsam dolorem. Iusto fugit qui repudiandae.', 'pariatur-vel', '2020-05-14 06:52:11', '2020-07-30 09:05:31', NULL, 132),
	(134, 'Nesciunt quisquam non adipisci.', 'Culpa in molestiae dolor odit aut. Magnam ab molestias quo. Veritatis ex similique sunt rerum.', 'nesciunt-quisquam-non-adipisci', '2020-05-14 06:52:11', '2020-07-30 09:05:31', NULL, 132),
	(135, 'Illo corporis sint.', 'Corrupti distinctio et sapiente corrupti dicta nisi non animi. Quod voluptate quaerat quis. Ex natus facilis ea nemo quia minus odio deserunt.', 'illo-corporis-sint', '2020-05-14 06:52:11', '2020-07-30 09:05:31', NULL, 132),
	(136, 'Eum odio similique nostrum.', 'Qui eum voluptatum at expedita quia praesentium. Eos neque placeat reiciendis eligendi dolor quos illo. Sint quia ut optio est. Incidunt consequuntur officia corporis recusandae est debitis sunt.', 'eum-odio-similique-nostrum', '2020-05-14 06:52:11', '2020-07-30 09:05:31', NULL, 132),
	(137, 'Repellendus aut ut.', 'Illum cum earum dolorum incidunt aliquid dolorum vel. Occaecati est repudiandae adipisci impedit nam. Eum repellat sint dolorum labore exercitationem ut.', 'repellendus-aut-ut', '2020-05-14 06:52:11', '2020-07-30 09:05:31', NULL, 132),
	(138, 'Minus maiores.', 'Laudantium veritatis qui maiores. Ipsa nisi in quam repellendus vero voluptatibus. Ab ut iure soluta quidem alias delectus. Alias quidem sed voluptatem autem. Animi corrupti tempora sunt aut vel.', 'minus-maiores', '2020-05-14 06:52:11', '2020-07-30 09:05:31', NULL, 125),
	(139, 'Nesciunt minima amet praesentium dignissimos.', 'Consectetur quis corporis sit autem quaerat. Dolores doloribus quia labore reiciendis incidunt sed at animi. Odit ut molestias sunt eaque molestias. Aperiam quo eos hic corrupti non dolor modi. Soluta harum soluta voluptate.', 'nesciunt-minima-amet-praesentium-dignissimos', '2020-05-14 06:52:11', '2020-07-30 09:05:31', NULL, 138),
	(140, 'Iste ea cumque consequatur.', 'Amet qui hic officiis perspiciatis quos. Autem similique quasi mollitia. Voluptatem vero eum nisi.', 'iste-ea-cumque-consequatur', '2020-05-14 06:52:11', '2020-07-30 09:05:31', NULL, 138),
	(141, 'Iste laboriosam odit.', 'Voluptatem rerum harum est totam. Ad molestias expedita laboriosam facilis officia nam. Illum exercitationem qui esse. Quisquam provident autem officia incidunt voluptatum. Dolorem delectus reiciendis sed libero inventore voluptate repellat architecto.', 'iste-laboriosam-odit', '2020-05-14 06:52:11', '2020-07-30 09:05:31', NULL, 138),
	(142, 'Quia nobis.', 'Beatae omnis ullam esse nemo et est ratione. Neque minima autem occaecati non et consectetur adipisci fuga. Distinctio molestiae optio sequi veniam officiis quod.', 'quia-nobis', '2020-05-14 06:52:11', '2020-07-30 09:05:31', NULL, 138),
	(143, 'Iure voluptas error est.', 'Et qui magni illum qui. Ea consequatur ut qui aliquid. Non quia omnis cumque. Aut facere officiis distinctio illum.', 'iure-voluptas-error-est', '2020-05-14 06:52:11', '2020-07-30 09:05:31', NULL, 138),
	(144, 'Ab sequi architecto.', 'Ut repellendus rerum dolor. Soluta excepturi alias eum similique. Iste et hic modi tenetur consequuntur totam ad.', 'ab-sequi-architecto', '2020-05-14 06:52:11', '2020-07-30 09:05:31', NULL, 125),
	(145, 'Corporis nihil ab.', 'Ut amet blanditiis nostrum architecto. Aperiam velit voluptas tempore laborum necessitatibus nemo. Architecto corrupti error impedit alias placeat. Sint fugit voluptas laborum quibusdam.', 'corporis-nihil-ab', '2020-05-14 06:52:11', '2020-07-30 09:05:31', NULL, 144),
	(146, 'Ut tempora nostrum ex.', 'Qui omnis in et harum. Quam dolorum officia consectetur dolorem consequatur ut. Provident sunt consequuntur rerum et velit nobis. Nihil beatae eaque beatae est laudantium cupiditate.', 'ut-tempora-nostrum-ex', '2020-05-14 06:52:11', '2020-07-30 09:05:31', NULL, 144),
	(147, 'Dignissimos nulla quas.', 'Impedit iusto omnis ad quo placeat qui consequuntur. Autem hic deserunt provident recusandae laboriosam dicta qui. Odit est voluptatem quia omnis vero omnis odit.', 'dignissimos-nulla-quas', '2020-05-14 06:52:11', '2020-07-30 09:05:31', NULL, 144),
	(148, 'Adipisci accusantium ut.', 'Sapiente repudiandae in et adipisci et. Quia deserunt iste accusamus ut autem culpa officiis. Neque eaque ut explicabo consequatur labore sunt harum. Est ut magnam repellat facere est fugiat.', 'adipisci-accusantium-ut', '2020-05-14 06:52:11', '2020-07-30 09:05:31', NULL, 144),
	(149, 'Sint eos ut voluptates.', 'Iure facilis qui quia aut commodi eius qui. Et sunt vero inventore et iure. Rem aut voluptates similique vel.', 'sint-eos-ut-voluptates', '2020-05-14 06:52:11', '2020-07-30 09:05:31', NULL, 144),
	(150, 'Repellendus nostrum inventore.', 'Qui illum et est itaque voluptatem. Non facere hic sit ea numquam eos. Nesciunt doloremque itaque et est incidunt eaque fugit.', 'repellendus-nostrum-inventore', '2020-05-14 06:52:11', '2020-07-30 09:05:31', NULL, 125),
	(151, 'Et possimus provident et.', 'Id in id unde vel. Quia dolore rerum qui nihil. Voluptatibus voluptas tempora quisquam quo eaque omnis labore autem. Commodi fugit autem et est sit natus.', 'et-possimus-provident-et', '2020-05-14 06:52:11', '2020-07-30 09:05:31', NULL, 150),
	(152, 'Ratione amet facere maxime.', 'Ea et aut blanditiis sint voluptatem commodi. Modi deserunt voluptates doloremque dolor. Sint debitis error inventore necessitatibus veritatis sint.', 'ratione-amet-facere-maxime', '2020-05-14 06:52:11', '2020-07-30 09:05:31', NULL, 150),
	(153, 'Id ut exercitationem est.', 'Totam quis error eum hic recusandae laboriosam. Et atque aut fugit molestiae quia sit suscipit. Eum nemo error enim rerum modi quo ipsam.', 'id-ut-exercitationem-est', '2020-05-14 06:52:11', '2020-07-30 09:05:31', NULL, 150),
	(154, 'Vel sit explicabo natus.', 'Qui harum et quisquam quasi sit. Exercitationem ducimus voluptatem voluptas placeat non inventore sed. Debitis occaecati alias et est beatae officiis totam. Doloremque illo delectus odit modi laboriosam dolor blanditiis quam.', 'vel-sit-explicabo-natus', '2020-05-14 06:52:11', '2020-07-30 09:05:31', NULL, 150),
	(155, 'Eos odit sed sed.', 'Eius excepturi sit mollitia quos dolorem quidem ratione inventore. Quas voluptas consectetur similique voluptas qui doloremque. Accusamus provident sapiente dolorum laboriosam accusamus corrupti.', 'eos-odit-sed-sed', '2020-05-14 06:52:11', '2020-07-30 09:05:31', NULL, 150),
	(157, 'Men', 'Men description', 'men', '2020-05-14 06:52:11', '2020-07-30 09:05:31', NULL, NULL),
	(158, 'TSHIRT', 'TSHIRT Description', 'tshirt', '2020-07-30 07:32:54', '2020-07-30 09:05:31', NULL, 157),
	(159, 'Casual T-Shirts', 'Casual T-Shirts  Description', 'casual-t-shirts', '2020-07-30 07:33:50', '2020-07-30 09:05:31', NULL, 158),
	(160, 'Formal T-Shirts', 'Formal T-Shirts Description', 'formal-t-shirts', '2020-07-30 07:34:16', '2020-07-30 09:05:31', NULL, 158),
	(161, 'SHIRT', 'SHIRT Description', 'shirt', '2020-07-30 07:35:27', '2020-07-30 07:35:27', NULL, 157),
	(162, 'Casual Shirts', 'Casual Shirts Description', 'casual-shirts', '2020-07-30 07:36:07', '2020-07-30 07:36:07', NULL, 161),
	(163, 'Formal Shirts', 'Formal Shirts Description', 'formal-shirts', '2020-07-30 07:36:30', '2020-07-30 07:36:30', NULL, 161);
/*!40000 ALTER TABLE `product_categories` ENABLE KEYS */;

-- Dumping structure for table l7-multi-level-categories.product_product_category
CREATE TABLE IF NOT EXISTS `product_product_category` (
  `product_id` int(10) unsigned NOT NULL,
  `product_category_id` int(10) unsigned NOT NULL,
  KEY `product_id_fk_1396941` (`product_id`),
  KEY `product_category_id_fk_1396941` (`product_category_id`),
  CONSTRAINT `product_category_id_fk_1396941` FOREIGN KEY (`product_category_id`) REFERENCES `product_categories` (`id`) ON DELETE CASCADE,
  CONSTRAINT `product_id_fk_1396941` FOREIGN KEY (`product_id`) REFERENCES `products` (`id`) ON DELETE CASCADE
) ENGINE=InnoDB DEFAULT CHARSET=utf8mb4 COLLATE=utf8mb4_unicode_ci;

-- Dumping data for table l7-multi-level-categories.product_product_category: ~412 rows (approximately)
/*!40000 ALTER TABLE `product_product_category` DISABLE KEYS */;
INSERT INTO `product_product_category` (`product_id`, `product_category_id`) VALUES
	(1, 55),
	(1, 155),
	(2, 114),
	(2, 128),
	(3, 48),
	(3, 52),
	(3, 99),
	(4, 154),
	(4, 155),
	(5, 136),
	(6, 35),
	(6, 42),
	(7, 67),
	(8, 115),
	(9, 12),
	(9, 77),
	(9, 106),
	(10, 60),
	(10, 111),
	(10, 145),
	(11, 31),
	(11, 155),
	(12, 117),
	(12, 127),
	(12, 152),
	(13, 27),
	(13, 152),
	(14, 40),
	(14, 83),
	(14, 129),
	(15, 128),
	(15, 149),
	(16, 15),
	(16, 68),
	(16, 106),
	(17, 41),
	(18, 89),
	(19, 86),
	(20, 85),
	(21, 71),
	(22, 19),
	(22, 131),
	(23, 106),
	(24, 80),
	(24, 100),
	(25, 68),
	(25, 69),
	(26, 35),
	(26, 38),
	(26, 80),
	(27, 99),
	(28, 121),
	(28, 154),
	(29, 31),
	(29, 61),
	(30, 52),
	(30, 55),
	(30, 56),
	(31, 6),
	(31, 58),
	(31, 129),
	(32, 11),
	(32, 42),
	(33, 62),
	(34, 59),
	(34, 153),
	(35, 131),
	(36, 131),
	(37, 11),
	(37, 78),
	(37, 87),
	(38, 43),
	(38, 112),
	(39, 61),
	(39, 137),
	(39, 141),
	(40, 30),
	(40, 80),
	(40, 120),
	(41, 35),
	(41, 131),
	(41, 154),
	(42, 3),
	(43, 143),
	(44, 6),
	(45, 58),
	(45, 112),
	(45, 148),
	(47, 13),
	(48, 13),
	(49, 86),
	(49, 96),
	(49, 136),
	(50, 74),
	(50, 91),
	(50, 153),
	(51, 15),
	(51, 69),
	(51, 112),
	(52, 52),
	(52, 86),
	(52, 100),
	(53, 23),
	(53, 145),
	(53, 146),
	(54, 4),
	(54, 22),
	(54, 105),
	(55, 3),
	(55, 56),
	(56, 67),
	(57, 18),
	(57, 112),
	(57, 116),
	(58, 90),
	(58, 97),
	(58, 109),
	(59, 13),
	(59, 55),
	(60, 42),
	(60, 75),
	(60, 111),
	(61, 35),
	(61, 97),
	(61, 122),
	(62, 66),
	(62, 135),
	(62, 151),
	(63, 80),
	(64, 31),
	(64, 128),
	(64, 146),
	(65, 56),
	(65, 108),
	(66, 85),
	(67, 42),
	(67, 61),
	(67, 84),
	(68, 78),
	(69, 91),
	(69, 96),
	(69, 131),
	(70, 19),
	(70, 46),
	(71, 40),
	(71, 86),
	(71, 102),
	(72, 22),
	(73, 43),
	(74, 78),
	(74, 149),
	(75, 25),
	(76, 5),
	(76, 23),
	(76, 75),
	(77, 30),
	(77, 80),
	(78, 13),
	(78, 75),
	(78, 93),
	(79, 90),
	(80, 41),
	(81, 85),
	(81, 117),
	(82, 44),
	(82, 140),
	(83, 48),
	(83, 135),
	(83, 147),
	(84, 31),
	(84, 89),
	(84, 108),
	(85, 17),
	(86, 115),
	(86, 155),
	(87, 71),
	(87, 152),
	(88, 58),
	(88, 114),
	(89, 55),
	(89, 121),
	(90, 25),
	(90, 68),
	(91, 67),
	(92, 12),
	(92, 40),
	(92, 104),
	(93, 84),
	(93, 91),
	(94, 27),
	(94, 83),
	(94, 155),
	(95, 136),
	(95, 155),
	(96, 4),
	(97, 3),
	(97, 151),
	(98, 5),
	(98, 97),
	(98, 129),
	(99, 106),
	(99, 110),
	(99, 114),
	(100, 72),
	(100, 147),
	(101, 122),
	(102, 24),
	(103, 84),
	(104, 25),
	(104, 111),
	(105, 146),
	(106, 38),
	(107, 93),
	(107, 99),
	(107, 122),
	(108, 46),
	(108, 99),
	(108, 139),
	(109, 52),
	(109, 134),
	(110, 13),
	(110, 60),
	(110, 75),
	(111, 54),
	(111, 73),
	(112, 104),
	(112, 109),
	(113, 29),
	(113, 90),
	(113, 149),
	(114, 48),
	(115, 105),
	(116, 18),
	(116, 96),
	(116, 106),
	(117, 49),
	(117, 114),
	(117, 116),
	(118, 50),
	(119, 28),
	(119, 111),
	(120, 50),
	(120, 71),
	(121, 79),
	(121, 115),
	(122, 9),
	(122, 54),
	(123, 12),
	(123, 140),
	(124, 19),
	(124, 103),
	(124, 118),
	(125, 22),
	(125, 25),
	(125, 48),
	(126, 117),
	(126, 124),
	(127, 5),
	(127, 40),
	(127, 116),
	(128, 40),
	(128, 56),
	(129, 98),
	(130, 60),
	(131, 54),
	(131, 60),
	(132, 3),
	(132, 149),
	(133, 6),
	(134, 120),
	(135, 104),
	(135, 130),
	(136, 73),
	(136, 115),
	(136, 130),
	(137, 41),
	(137, 60),
	(138, 47),
	(138, 60),
	(138, 122),
	(139, 7),
	(140, 59),
	(140, 67),
	(140, 111),
	(141, 84),
	(141, 133),
	(141, 139),
	(142, 55),
	(142, 145),
	(143, 117),
	(144, 11),
	(144, 96),
	(145, 11),
	(146, 77),
	(147, 86),
	(147, 103),
	(148, 66),
	(148, 116),
	(148, 133),
	(149, 23),
	(149, 47),
	(149, 136),
	(150, 3),
	(150, 52),
	(150, 114),
	(151, 30),
	(151, 44),
	(151, 121),
	(152, 130),
	(152, 146),
	(153, 50),
	(153, 92),
	(153, 124),
	(154, 92),
	(155, 100),
	(156, 18),
	(156, 62),
	(156, 142),
	(157, 65),
	(157, 118),
	(157, 153),
	(158, 53),
	(159, 13),
	(159, 23),
	(160, 93),
	(160, 131),
	(161, 80),
	(161, 128),
	(162, 38),
	(162, 72),
	(163, 71),
	(163, 149),
	(164, 30),
	(164, 87),
	(164, 97),
	(165, 35),
	(166, 112),
	(166, 124),
	(167, 62),
	(168, 58),
	(169, 141),
	(170, 89),
	(170, 91),
	(171, 86),
	(171, 89),
	(171, 148),
	(172, 4),
	(172, 112),
	(172, 128),
	(173, 137),
	(174, 23),
	(174, 87),
	(174, 117),
	(175, 103),
	(176, 43),
	(176, 112),
	(177, 75),
	(177, 80),
	(177, 96),
	(178, 59),
	(178, 146),
	(179, 128),
	(180, 9),
	(181, 66),
	(181, 89),
	(181, 152),
	(182, 30),
	(183, 15),
	(183, 18),
	(183, 69),
	(184, 141),
	(185, 44),
	(185, 69),
	(185, 99),
	(186, 27),
	(186, 87),
	(186, 91),
	(187, 60),
	(187, 106),
	(188, 30),
	(188, 141),
	(189, 143),
	(189, 145),
	(190, 15),
	(191, 25),
	(191, 128),
	(192, 24),
	(192, 42),
	(192, 77),
	(193, 24),
	(193, 135),
	(194, 15),
	(194, 22),
	(194, 44),
	(195, 17),
	(195, 127),
	(196, 93),
	(196, 117),
	(197, 68),
	(198, 42),
	(198, 62),
	(198, 90),
	(199, 130),
	(200, 6),
	(200, 96),
	(200, 129),
	(200, 28),
	(46, 159),
	(81, 157),
	(86, 162),
	(86, 157),
	(49, 157);
/*!40000 ALTER TABLE `product_product_category` ENABLE KEYS */;

-- Dumping structure for table l7-multi-level-categories.product_product_tag
CREATE TABLE IF NOT EXISTS `product_product_tag` (
  `product_id` int(10) unsigned NOT NULL,
  `product_tag_id` int(10) unsigned NOT NULL,
  KEY `product_id_fk_1396942` (`product_id`),
  KEY `product_tag_id_fk_1396942` (`product_tag_id`),
  CONSTRAINT `product_id_fk_1396942` FOREIGN KEY (`product_id`) REFERENCES `products` (`id`) ON DELETE CASCADE,
  CONSTRAINT `product_tag_id_fk_1396942` FOREIGN KEY (`product_tag_id`) REFERENCES `product_tags` (`id`) ON DELETE CASCADE
) ENGINE=InnoDB DEFAULT CHARSET=utf8mb4 COLLATE=utf8mb4_unicode_ci;

-- Dumping data for table l7-multi-level-categories.product_product_tag: ~2 rows (approximately)
/*!40000 ALTER TABLE `product_product_tag` DISABLE KEYS */;
INSERT INTO `product_product_tag` (`product_id`, `product_tag_id`) VALUES
	(25, 2),
	(25, 1);
/*!40000 ALTER TABLE `product_product_tag` ENABLE KEYS */;

-- Dumping structure for table l7-multi-level-categories.product_tags
CREATE TABLE IF NOT EXISTS `product_tags` (
  `id` int(10) unsigned NOT NULL AUTO_INCREMENT,
  `name` varchar(255) COLLATE utf8mb4_unicode_ci DEFAULT NULL,
  `created_at` timestamp NULL DEFAULT NULL,
  `updated_at` timestamp NULL DEFAULT NULL,
  `deleted_at` timestamp NULL DEFAULT NULL,
  PRIMARY KEY (`id`)
) ENGINE=InnoDB AUTO_INCREMENT=5 DEFAULT CHARSET=utf8mb4 COLLATE=utf8mb4_unicode_ci;

-- Dumping data for table l7-multi-level-categories.product_tags: ~4 rows (approximately)
/*!40000 ALTER TABLE `product_tags` DISABLE KEYS */;
INSERT INTO `product_tags` (`id`, `name`, `created_at`, `updated_at`, `deleted_at`) VALUES
	(1, 'tag1', '2020-07-30 11:52:37', '2020-07-30 11:52:40', '2020-07-30 11:52:41'),
	(2, 'tag2', '2020-07-30 11:52:37', '2020-07-30 11:52:40', '2020-07-30 11:52:41'),
	(3, 'tag3', '2020-07-30 11:52:59', '2020-07-30 11:52:59', '2020-07-30 11:53:00'),
	(4, 'tag1', '2020-07-31 02:22:33', '2020-07-31 02:22:33', NULL);
/*!40000 ALTER TABLE `product_tags` ENABLE KEYS */;

-- Dumping structure for table l7-multi-level-categories.roles
CREATE TABLE IF NOT EXISTS `roles` (
  `id` int(10) unsigned NOT NULL AUTO_INCREMENT,
  `title` varchar(255) COLLATE utf8mb4_unicode_ci DEFAULT NULL,
  `created_at` timestamp NULL DEFAULT NULL,
  `updated_at` timestamp NULL DEFAULT NULL,
  `deleted_at` timestamp NULL DEFAULT NULL,
  PRIMARY KEY (`id`)
) ENGINE=InnoDB AUTO_INCREMENT=3 DEFAULT CHARSET=utf8mb4 COLLATE=utf8mb4_unicode_ci;

-- Dumping data for table l7-multi-level-categories.roles: ~2 rows (approximately)
/*!40000 ALTER TABLE `roles` DISABLE KEYS */;
INSERT INTO `roles` (`id`, `title`, `created_at`, `updated_at`, `deleted_at`) VALUES
	(1, 'Admin', NULL, NULL, NULL),
	(2, 'User', NULL, NULL, NULL);
/*!40000 ALTER TABLE `roles` ENABLE KEYS */;

-- Dumping structure for table l7-multi-level-categories.role_user
CREATE TABLE IF NOT EXISTS `role_user` (
  `user_id` int(10) unsigned NOT NULL,
  `role_id` int(10) unsigned NOT NULL,
  KEY `user_id_fk_1396920` (`user_id`),
  KEY `role_id_fk_1396920` (`role_id`),
  CONSTRAINT `role_id_fk_1396920` FOREIGN KEY (`role_id`) REFERENCES `roles` (`id`) ON DELETE CASCADE,
  CONSTRAINT `user_id_fk_1396920` FOREIGN KEY (`user_id`) REFERENCES `users` (`id`) ON DELETE CASCADE
) ENGINE=InnoDB DEFAULT CHARSET=utf8mb4 COLLATE=utf8mb4_unicode_ci;

-- Dumping data for table l7-multi-level-categories.role_user: ~4 rows (approximately)
/*!40000 ALTER TABLE `role_user` DISABLE KEYS */;
INSERT INTO `role_user` (`user_id`, `role_id`) VALUES
	(1, 1),
	(2, 2),
	(2, 1),
	(1, 2);
/*!40000 ALTER TABLE `role_user` ENABLE KEYS */;

-- Dumping structure for table l7-multi-level-categories.users
CREATE TABLE IF NOT EXISTS `users` (
  `id` int(10) unsigned NOT NULL AUTO_INCREMENT,
  `name` varchar(255) COLLATE utf8mb4_unicode_ci NOT NULL,
  `email` varchar(255) COLLATE utf8mb4_unicode_ci NOT NULL,
  `email_verified_at` datetime DEFAULT NULL,
  `password` varchar(255) COLLATE utf8mb4_unicode_ci NOT NULL,
  `remember_token` varchar(255) COLLATE utf8mb4_unicode_ci DEFAULT NULL,
  `created_at` timestamp NULL DEFAULT NULL,
  `updated_at` timestamp NULL DEFAULT NULL,
  `deleted_at` timestamp NULL DEFAULT NULL,
  PRIMARY KEY (`id`),
  UNIQUE KEY `users_email_unique` (`email`)
) ENGINE=InnoDB AUTO_INCREMENT=3 DEFAULT CHARSET=utf8mb4 COLLATE=utf8mb4_unicode_ci;

-- Dumping data for table l7-multi-level-categories.users: ~2 rows (approximately)
/*!40000 ALTER TABLE `users` DISABLE KEYS */;
INSERT INTO `users` (`id`, `name`, `email`, `email_verified_at`, `password`, `remember_token`, `created_at`, `updated_at`, `deleted_at`) VALUES
	(1, 'Admin', 'admin@admin.com', NULL, '$2y$10$z7E62tOZGG5btfXLhNuPQuB.0y5yEkGZ.OPi8bc7TWNtqIt.Jg20S', 'FmiNUQOJZxe5CvGULqpjtjaCOWvIFOg2E0W5C8HhGgcGmjOBhDDtdHZNubTs', NULL, '2020-07-30 08:33:14', NULL),
	(2, 'User', 'user@admin.com', NULL, '$2y$10$C1HzQX9XieF88RcUpLfwh.SLYiANYG30S6JeyJGLS.zu4j4t5Guni', NULL, '2020-07-30 02:06:58', '2020-07-30 02:06:58', NULL);
/*!40000 ALTER TABLE `users` ENABLE KEYS */;

/*!40101 SET SQL_MODE=IFNULL(@OLD_SQL_MODE, '') */;
/*!40014 SET FOREIGN_KEY_CHECKS=IF(@OLD_FOREIGN_KEY_CHECKS IS NULL, 1, @OLD_FOREIGN_KEY_CHECKS) */;
/*!40101 SET CHARACTER_SET_CLIENT=@OLD_CHARACTER_SET_CLIENT */;
